NSC	2.45634
RSC	5.34681
RLSC	1.27238
Estimated fragment length	153
Background enrichment	0.0224149
Background uniformity	1.14393
Strand shift	Jaccard index	Proportion	per 10M reads for 100Mbp len	per control
-500	0.00298914	0.000464518	0.0246049	1.0977
-499	0.00297989	0.00046308	0.0245287	1.09431
-498	0.00299902	0.000466053	0.0246862	1.10133
-497	0.00298431	0.000463767	0.0245651	1.09593
-496	0.00297499	0.000462318	0.0244884	1.09251
-495	0.00298879	0.000464464	0.024602	1.09758
-494	0.00298261	0.000463504	0.0245512	1.09531
-493	0.00297692	0.000462619	0.0245043	1.09322
-492	0.0029937	0.000465227	0.0246424	1.09938
-491	0.00296825	0.000461272	0.024433	1.09003
-490	0.00297495	0.000462313	0.0244881	1.09249
-489	0.00298127	0.000463295	0.0245401	1.09481
-488	0.00297232	0.000461905	0.0244664	1.09153
-487	0.00298994	0.000464642	0.0246115	1.098
-486	0.00298932	0.000464545	0.0246063	1.09777
-485	0.00298959	0.000464588	0.0246086	1.09787
-484	0.0029647	0.00046072	0.0244037	1.08873
-483	0.00299087	0.000464786	0.0246191	1.09834
-482	0.0029918	0.000464932	0.0246268	1.09868
-481	0.00296096	0.000460139	0.024373	1.08736
-480	0.0029697	0.000461498	0.0244449	1.09057
-479	0.00299785	0.000465871	0.0246766	1.1009
-478	0.00299232	0.000465013	0.0246311	1.09887
-477	0.00298384	0.000463694	0.0245612	1.09576
-476	0.00299115	0.00046483	0.0246214	1.09844
-475	0.00299063	0.000464749	0.0246171	1.09825
-474	0.00298842	0.000464406	0.0245989	1.09744
-473	0.00297906	0.000462952	0.0245219	1.094
-472	0.00298859	0.000464433	0.0246004	1.0975
-471	0.00297737	0.000462689	0.024508	1.09338
-470	0.00299041	0.000464716	0.0246154	1.09817
-469	0.00298	0.000463097	0.0245296	1.09435
-468	0.00299291	0.000465104	0.0246359	1.09909
-467	0.00298051	0.000463177	0.0245338	1.09453
-466	0.00299166	0.00046491	0.0246256	1.09863
-465	0.00299888	0.000466031	0.024685	1.10128
-464	0.00298973	0.000464609	0.0246097	1.09792
-463	0.00299305	0.000465125	0.024637	1.09914
-462	0.0029735	0.000462088	0.0244762	1.09196
-461	0.00300934	0.000467657	0.0247711	1.10512
-460	0.00298265	0.00046351	0.0245515	1.09532
-459	0.00299543	0.000465495	0.0246566	1.10001
-458	0.00298203	0.000463414	0.0245464	1.09509
-457	0.00298507	0.000463886	0.0245714	1.09621
-456	0.00297917	0.000462969	0.0245228	1.09404
-455	0.00300931	0.000467652	0.0247709	1.10511
-454	0.00299121	0.000464841	0.024622	1.09847
-453	0.00298731	0.000464234	0.0245898	1.09703
-452	0.00298604	0.000464036	0.0245793	1.09656
-451	0.00299615	0.000465608	0.0246626	1.10028
-450	0.00298608	0.000464042	0.0245797	1.09658
-449	0.00298856	0.000464427	0.0246001	1.09749
-448	0.00297216	0.000461879	0.0244651	1.09147
-447	0.00300686	0.000467271	0.0247507	1.10421
-446	0.00300175	0.000466477	0.0247086	1.10233
-445	0.00299142	0.000464872	0.0246236	1.09854
-444	0.00298365	0.000463665	0.0245597	1.09569
-443	0.00297968	0.000463048	0.024527	1.09423
-442	0.00300406	0.000466837	0.0247277	1.10318
-441	0.0029916	0.0004649	0.0246251	1.09861
-440	0.00297744	0.0004627	0.0245086	1.09341
-439	0.00298455	0.000463805	0.0245671	1.09602
-438	0.00299367	0.000465222	0.0246422	1.09937
-437	0.00298093	0.000463242	0.0245373	1.09469
-436	0.00300454	0.000466912	0.0247317	1.10336
-435	0.00298859	0.000464432	0.0246003	1.0975
-434	0.00302754	0.000470485	0.0249209	1.1118
-433	0.00297609	0.000462491	0.0244975	1.09291
-432	0.0029899	0.000464637	0.0246112	1.09798
-431	0.00298873	0.000464454	0.0246015	1.09755
-430	0.00298486	0.000463853	0.0245696	1.09613
-429	0.00297647	0.000462549	0.0245006	1.09305
-428	0.00298804	0.000464347	0.0245958	1.0973
-427	0.00298016	0.000463123	0.024531	1.09441
-426	0.00298131	0.000463301	0.0245404	1.09483
-425	0.00297526	0.000462361	0.0244906	1.09261
-424	0.00298359	0.000463655	0.0245592	1.09566
-423	0.00299131	0.000464856	0.0246228	1.0985
-422	0.00298959	0.000464587	0.0246086	1.09787
-421	0.0029918	0.000464932	0.0246268	1.09868
-420	0.0029861	0.000464046	0.0245799	1.09659
-419	0.00299815	0.000465919	0.0246791	1.10101
-418	0.0029638	0.00046058	0.0243963	1.0884
-417	0.00299453	0.000465356	0.0246493	1.09968
-416	0.00299915	0.000466074	0.0246873	1.10138
-415	0.00301666	0.000468794	0.0248314	1.10781
-414	0.00299287	0.000465098	0.0246356	1.09907
-413	0.00297947	0.000463016	0.0245253	1.09415
-412	0.00298728	0.000464229	0.0245896	1.09702
-411	0.00298759	0.000464276	0.0245921	1.09713
-410	0.00298904	0.000464502	0.024604	1.09767
-409	0.00297934	0.000462995	0.0245242	1.0941
-408	0.00298866	0.000464444	0.0246009	1.09753
-407	0.00300779	0.000467416	0.0247584	1.10455
-406	0.00299919	0.00046608	0.0246876	1.10139
-405	0.00300261	0.000466612	0.0247158	1.10265
-404	0.00297395	0.000462158	0.0244799	1.09213
-403	0.00300185	0.000466493	0.0247095	1.10237
-402	0.00299992	0.000466193	0.0246936	1.10166
-401	0.00300441	0.00046689	0.0247305	1.10331
-400	0.00298555	0.000463961	0.0245754	1.09639
-399	0.00299322	0.000465152	0.0246385	1.0992
-398	0.00299129	0.000464852	0.0246226	1.09849
-397	0.00299837	0.000465952	0.0246809	1.10109
-396	0.00299808	0.000465908	0.0246785	1.10099
-395	0.00298625	0.000464069	0.0245811	1.09664
-394	0.00300969	0.000467711	0.024774	1.10525
-393	0.00300108	0.000466374	0.0247032	1.10209
-392	0.00298721	0.000464218	0.024589	1.09699
-391	0.00299456	0.000465361	0.0246495	1.09969
-390	0.00297992	0.000463086	0.024529	1.09432
-389	0.00302261	0.000469719	0.0248804	1.10999
-388	0.00300624	0.000467175	0.0247456	1.10398
-387	0.00298807	0.000464353	0.0245961	1.09731
-386	0.00300258	0.000466607	0.0247155	1.10264
-385	0.00298542	0.00046394	0.0245743	1.09634
-384	0.0029974	0.000465802	0.0246729	1.10074
-383	0.0029803	0.000463144	0.0245321	1.09446
-382	0.00300668	0.000467244	0.0247493	1.10415
-381	0.00299297	0.000465114	0.0246364	1.09911
-380	0.0029986	0.000465989	0.0246828	1.10118
-379	0.00301815	0.000469026	0.0248436	1.10836
-378	0.00300579	0.000467106	0.024742	1.10382
-377	0.00299084	0.000464782	0.0246189	1.09833
-376	0.00300824	0.000467486	0.0247621	1.10472
-375	0.00300607	0.000467148	0.0247442	1.10392
-374	0.00301529	0.000468582	0.0248202	1.10731
-373	0.00299387	0.000465254	0.0246439	1.09944
-372	0.00300099	0.00046636	0.0247024	1.10206
-371	0.00298418	0.000463747	0.024564	1.09588
-370	0.00299408	0.000465286	0.0246455	1.09952
-369	0.00300113	0.000466381	0.0247035	1.10211
-368	0.00301556	0.000468623	0.0248223	1.10741
-367	0.00299971	0.000466161	0.0246919	1.10159
-366	0.00299322	0.000465153	0.0246385	1.0992
-365	0.00299339	0.000465179	0.0246399	1.09927
-364	0.00298963	0.000464595	0.0246089	1.09788
-363	0.00300744	0.000467363	0.0247556	1.10443
-362	0.00300548	0.000467057	0.0247394	1.1037
-361	0.00299353	0.0004652	0.024641	1.09931
-360	0.00299809	0.000465909	0.0246786	1.10099
-359	0.00300865	0.00046755	0.0247655	1.10487
-358	0.00300721	0.000467326	0.0247536	1.10434
-357	0.00301753	0.00046893	0.0248386	1.10813
-356	0.0030072	0.000467325	0.0247536	1.10434
-355	0.00299343	0.000465185	0.0246402	1.09928
-354	0.00300655	0.000467223	0.0247482	1.1041
-353	0.00299181	0.000464932	0.0246268	1.09868
-352	0.00299764	0.000465839	0.0246748	1.10082
-351	0.00300134	0.000466413	0.0247053	1.10218
-350	0.0029946	0.000465366	0.0246498	1.09971
-349	0.00299951	0.00046613	0.0246903	1.10151
-348	0.00301774	0.000468963	0.0248403	1.10821
-347	0.00300807	0.00046746	0.0247607	1.10465
-346	0.00301766	0.000468951	0.0248397	1.10818
-345	0.00301173	0.000468028	0.0247908	1.106
-344	0.00300683	0.000467267	0.0247505	1.1042
-343	0.00300465	0.000466928	0.0247325	1.1034
-342	0.00299623	0.000465619	0.0246632	1.10031
-341	0.00301332	0.000468275	0.0248039	1.10658
-340	0.00300607	0.000467148	0.0247442	1.10392
-339	0.00300596	0.000467133	0.0247434	1.10388
-338	0.00301614	0.000468715	0.0248272	1.10762
-337	0.00300016	0.00046623	0.0246956	1.10175
-336	0.0029992	0.000466081	0.0246877	1.1014
-335	0.00301511	0.000468554	0.0248187	1.10724
-334	0.0029984	0.000465957	0.0246811	1.10111
-333	0.00300479	0.00046695	0.0247337	1.10345
-332	0.00301428	0.000468425	0.0248118	1.10694
-331	0.00300851	0.000467529	0.0247644	1.10482
-330	0.00300824	0.000467486	0.0247621	1.10472
-329	0.00301139	0.000467975	0.024788	1.10587
-328	0.00301245	0.000468141	0.0247968	1.10626
-327	0.00301435	0.000468435	0.0248124	1.10696
-326	0.00298963	0.000464594	0.0246089	1.09788
-325	0.00300983	0.000467734	0.0247752	1.1053
-324	0.00303169	0.00047113	0.0249551	1.11333
-323	0.00300641	0.000467202	0.024747	1.10405
-322	0.00300773	0.000467406	0.0247579	1.10453
-321	0.0030216	0.000469562	0.0248721	1.10962
-320	0.00301853	0.000469086	0.0248468	1.1085
-319	0.0030071	0.000467309	0.0247527	1.1043
-318	0.00301187	0.00046805	0.024792	1.10605
-317	0.00302672	0.000470358	0.0249142	1.1115
-316	0.0030196	0.000469252	0.0248557	1.10889
-315	0.00300137	0.000466419	0.0247056	1.10219
-314	0.00302695	0.000470395	0.0249162	1.11159
-313	0.00298642	0.000464096	0.0245825	1.09671
-312	0.00300869	0.000467556	0.0247658	1.10488
-311	0.00300344	0.00046674	0.0247226	1.10296
-310	0.00302329	0.000469826	0.024886	1.11025
-309	0.00302395	0.000469928	0.0248914	1.11049
-308	0.00301933	0.000469209	0.0248534	1.10879
-307	0.00300596	0.000467132	0.0247433	1.10388
-306	0.00301097	0.00046791	0.0247846	1.10572
-305	0.00303711	0.000471972	0.0249997	1.11532
-304	0.00300127	0.000466403	0.0247047	1.10216
-303	0.00301346	0.000468297	0.024805	1.10663
-302	0.00299125	0.000464846	0.0246223	1.09848
-301	0.00302647	0.00047032	0.0249122	1.11141
-300	0.00300475	0.000466945	0.0247334	1.10344
-299	0.00301491	0.000468522	0.024817	1.10717
-298	0.00301152	0.000467996	0.0247891	1.10592
-297	0.00301951	0.000469237	0.0248548	1.10885
-296	0.00301604	0.000468699	0.0248263	1.10758
-295	0.00299896	0.000466044	0.0246857	1.10131
-294	0.00301183	0.000468044	0.0247917	1.10604
-293	0.00302551	0.00047017	0.0249043	1.11106
-292	0.0029935	0.000465195	0.0246408	1.0993
-291	0.00300286	0.00046665	0.0247178	1.10274
-290	0.00301324	0.000468264	0.0248033	1.10656
-289	0.00299864	0.000465994	0.0246831	1.10119
-288	0.00300414	0.000466848	0.0247283	1.10321
-287	0.00300629	0.000467182	0.024746	1.104
-286	0.00300255	0.000466602	0.0247153	1.10263
-285	0.00300914	0.000467626	0.0247695	1.10505
-284	0.00301335	0.000468281	0.0248042	1.1066
-283	0.00302053	0.000469397	0.0248633	1.10923
-282	0.00301832	0.000469053	0.0248451	1.10842
-281	0.00302616	0.000470272	0.0249096	1.1113
-280	0.00301007	0.000467771	0.0247772	1.10539
-279	0.00301263	0.000468168	0.0247982	1.10633
-278	0.00299657	0.000465673	0.0246661	1.10043
-277	0.00301059	0.000467852	0.0247815	1.10558
-276	0.0030089	0.000467589	0.0247675	1.10496
-275	0.00300185	0.000466493	0.0247095	1.10237
-274	0.00301115	0.000467938	0.024786	1.10578
-273	0.00303317	0.000471361	0.0249673	1.11387
-272	0.00300762	0.000467391	0.024757	1.10449
-271	0.00303228	0.000471222	0.02496	1.11355
-270	0.00299067	0.000464756	0.0246175	1.09827
-269	0.00301826	0.000469043	0.0248446	1.1084
-268	0.00300817	0.000467476	0.0247615	1.10469
-267	0.00302036	0.00046937	0.0248619	1.10917
-266	0.00301219	0.000468099	0.0247946	1.10617
-265	0.0030089	0.000467588	0.0247675	1.10496
-264	0.00302585	0.000470223	0.0249071	1.11119
-263	0.00300765	0.000467395	0.0247573	1.1045
-262	0.00302682	0.000470373	0.024915	1.11154
-261	0.00301629	0.000468738	0.0248284	1.10767
-260	0.00302565	0.000470191	0.0249054	1.11111
-259	0.00301712	0.000468866	0.0248352	1.10798
-258	0.00300541	0.000467046	0.0247388	1.10368
-257	0.00301476	0.0004685	0.0248158	1.10711
-256	0.00302098	0.000469466	0.024867	1.1094
-255	0.00302323	0.000469815	0.0248855	1.11022
-254	0.00300787	0.000467428	0.024759	1.10458
-253	0.00300845	0.000467519	0.0247638	1.1048
-252	0.00302443	0.000470002	0.0248954	1.11066
-251	0.00300952	0.000467685	0.0247726	1.10519
-250	0.00300555	0.000467068	0.02474	1.10373
-249	0.0030003	0.000466252	0.0246967	1.1018
-248	0.00300255	0.000466601	0.0247152	1.10263
-247	0.00300731	0.000467341	0.0247544	1.10438
-246	0.00302993	0.000470858	0.0249407	1.11268
-245	0.00302206	0.000469634	0.0248759	1.10979
-244	0.00303196	0.000471173	0.0249574	1.11343
-243	0.0030149	0.000468522	0.0248169	1.10716
-242	0.00301808	0.000469015	0.0248431	1.10833
-241	0.00301397	0.000468377	0.0248093	1.10682
-240	0.00304336	0.000472944	0.0250512	1.11762
-239	0.00302958	0.000470803	0.0249378	1.11256
-238	0.00303172	0.000471135	0.0249554	1.11334
-237	0.00304792	0.000473652	0.0250887	1.11929
-236	0.00301514	0.000468559	0.0248189	1.10725
-235	0.00302167	0.000469574	0.0248727	1.10965
-234	0.00302489	0.000470074	0.0248992	1.11083
-233	0.00302938	0.000470772	0.0249361	1.11248
-232	0.00303155	0.000471109	0.024954	1.11328
-231	0.00303641	0.000471865	0.024994	1.11506
-230	0.00304029	0.000472467	0.0250259	1.11649
-229	0.0030185	0.000469081	0.0248466	1.10849
-228	0.00303569	0.000471752	0.0249881	1.1148
-227	0.00301142	0.00046798	0.0247882	1.10588
-226	0.00304613	0.000473374	0.025074	1.11863
-225	0.00304191	0.000472719	0.0250393	1.11708
-224	0.00304743	0.000473576	0.0250847	1.11911
-223	0.00304115	0.0004726	0.025033	1.1168
-222	0.00303204	0.000471185	0.024958	1.11346
-221	0.00301132	0.000467966	0.0247875	1.10585
-220	0.00303867	0.000472215	0.0250126	1.11589
-219	0.00303728	0.000472	0.0250012	1.11538
-218	0.00304602	0.000473357	0.0250731	1.11859
-217	0.00305645	0.000474978	0.025159	1.12242
-216	0.00304254	0.000472817	0.0250444	1.11731
-215	0.00303521	0.000471678	0.0249841	1.11462
-214	0.0030338	0.000471459	0.0249725	1.1141
-213	0.00303096	0.000471017	0.0249491	1.11306
-212	0.00302714	0.000470423	0.0249176	1.11166
-211	0.00304385	0.00047302	0.0250552	1.11779
-210	0.00304788	0.000473647	0.0250884	1.11928
-209	0.00304222	0.000472767	0.0250418	1.1172
-208	0.00305351	0.000474522	0.0251348	1.12134
-207	0.00304733	0.000473561	0.0250839	1.11907
-206	0.0030483	0.000473712	0.0250919	1.11943
-205	0.00306384	0.000476126	0.0252197	1.12513
-204	0.00302783	0.00047053	0.0249233	1.11191
-203	0.00304519	0.000473229	0.0250663	1.11829
-202	0.00305244	0.000474355	0.025126	1.12095
-201	0.00303386	0.000471468	0.024973	1.11413
-200	0.00305324	0.000474479	0.0251325	1.12124
-199	0.0030666	0.000476556	0.0252425	1.12615
-198	0.00304305	0.000472896	0.0250487	1.1175
-197	0.00304592	0.000473341	0.0250722	1.11855
-196	0.00305935	0.000475429	0.0251828	1.12349
-195	0.00305583	0.000474882	0.0251539	1.1222
-194	0.00304588	0.000473335	0.0250719	1.11854
-193	0.00304861	0.00047376	0.0250944	1.11954
-192	0.0030522	0.000474318	0.025124	1.12086
-191	0.00305451	0.000474677	0.025143	1.12171
-190	0.00304823	0.000473701	0.0250913	1.1194
-189	0.00305279	0.000474409	0.0251288	1.12108
-188	0.00306577	0.000476427	0.0252357	1.12585
-187	0.00305127	0.000474173	0.0251163	1.12052
-186	0.00304612	0.000473373	0.0250739	1.11863
-185	0.00305344	0.00047451	0.0251341	1.12132
-184	0.00305897	0.00047537	0.0251797	1.12335
-183	0.00303666	0.000471903	0.024996	1.11515
-182	0.00304121	0.00047261	0.0250335	1.11683
-181	0.00306692	0.000476606	0.0252452	1.12627
-180	0.00306242	0.000475906	0.0252081	1.12461
-179	0.00306326	0.000476036	0.025215	1.12492
-178	0.00306616	0.000476487	0.0252388	1.12599
-177	0.00305137	0.000474189	0.0251171	1.12056
-176	0.00306557	0.000476395	0.025234	1.12577
-175	0.00305582	0.000474881	0.0251538	1.12219
-174	0.00306039	0.000475591	0.0251914	1.12387
-173	0.00306205	0.000475848	0.025205	1.12448
-172	0.00305352	0.000474523	0.0251348	1.12135
-171	0.00305697	0.000475059	0.0251632	1.12261
-170	0.00305883	0.000475348	0.0251786	1.1233
-169	0.0030648	0.000476277	0.0252277	1.12549
-168	0.00305925	0.000475414	0.025182	1.12345
-167	0.0030542	0.000474629	0.0251405	1.1216
-166	0.00306277	0.00047596	0.0252109	1.12474
-165	0.0030808	0.000478763	0.0253594	1.13137
-164	0.0030635	0.000476073	0.0252169	1.12501
-163	0.0030695	0.000477006	0.0252663	1.12721
-162	0.00307907	0.000478493	0.0253451	1.13073
-161	0.00306328	0.00047604	0.0252152	1.12493
-160	0.00306936	0.000476985	0.0252652	1.12716
-159	0.00308532	0.000479465	0.0253966	1.13302
-158	0.0030751	0.000477877	0.0253125	1.12927
-157	0.00306668	0.000476568	0.0252431	1.12618
-156	0.00307911	0.000478499	0.0253454	1.13074
-155	0.00308728	0.00047977	0.0254128	1.13375
-154	0.00307966	0.000478586	0.02535	1.13095
-153	0.00307538	0.00047792	0.0253148	1.12937
-152	0.00308197	0.000478944	0.025369	1.13179
-151	0.0030876	0.000479819	0.0254153	1.13386
-150	0.00310062	0.000481843	0.0255226	1.13864
-149	0.00307151	0.000477318	0.0252829	1.12795
-148	0.00307387	0.000477685	0.0253023	1.12882
-147	0.00308322	0.000479139	0.0253793	1.13225
-146	0.00307789	0.00047831	0.0253354	1.1303
-145	0.00309838	0.000481494	0.0255041	1.13782
-144	0.00308791	0.000479867	0.0254179	1.13398
-143	0.0030759	0.000478	0.025319	1.12956
-142	0.00307372	0.000477663	0.0253011	1.12877
-141	0.00311806	0.000484552	0.0256661	1.14505
-140	0.00307366	0.000477652	0.0253006	1.12874
-139	0.00308899	0.000480035	0.0254268	1.13437
-138	0.00307516	0.000477886	0.025313	1.12929
-137	0.00309872	0.000481547	0.0255069	1.13795
-136	0.00309277	0.000480623	0.0254579	1.13576
-135	0.00306633	0.000476513	0.0252403	1.12605
-134	0.00310491	0.000482508	0.0255578	1.14022
-133	0.00308395	0.000479252	0.0253853	1.13252
-132	0.00310618	0.000482706	0.0255683	1.14068
-131	0.0030838	0.000479229	0.0253841	1.13247
-130	0.00308712	0.000479744	0.0254114	1.13368
-129	0.00309779	0.000481402	0.0254992	1.1376
-128	0.00309603	0.000481129	0.0254848	1.13696
-127	0.00309317	0.000480684	0.0254612	1.13591
-126	0.00309852	0.000481515	0.0255052	1.13787
-125	0.00309291	0.000480644	0.0254591	1.13581
-124	0.0030991	0.000481606	0.02551	1.13809
-123	0.00310449	0.000482444	0.0255544	1.14006
-122	0.00308757	0.000479814	0.0254151	1.13385
-121	0.00309475	0.00048093	0.0254742	1.13649
-120	0.00309323	0.000480694	0.0254617	1.13593
-119	0.00309751	0.000481359	0.0254969	1.1375
-118	0.00311261	0.000483705	0.0256212	1.14304
-117	0.00310381	0.000482338	0.0255488	1.13981
-116	0.00309816	0.000481461	0.0255023	1.13774
-115	0.00308656	0.000479658	0.0254068	1.13348
-114	0.00310442	0.000482433	0.0255538	1.14004
-113	0.0030865	0.000479648	0.0254063	1.13346
-112	0.00307755	0.000478257	0.0253326	1.13017
-111	0.00308884	0.000480012	0.0254256	1.13432
-110	0.00310218	0.000482085	0.0255354	1.13922
-109	0.00310453	0.00048245	0.0255547	1.14008
-108	0.00310066	0.000481849	0.0255229	1.13866
-107	0.00309268	0.000480608	0.0254572	1.13573
-106	0.0031026	0.000482149	0.0255388	1.13937
-105	0.00308194	0.000478939	0.0253687	1.13178
-104	0.00309827	0.000481477	0.0255032	1.13778
-103	0.00309168	0.000480453	0.0254489	1.13536
-102	0.00310722	0.000482868	0.0255769	1.14107
-101	0.00313309	0.000486888	0.0257898	1.15057
-100	0.00310373	0.000482325	0.0255481	1.13978
-99	0.00312311	0.000485337	0.0257076	1.1469
-98	0.00309931	0.000481639	0.0255118	1.13816
-97	0.00311875	0.00048466	0.0256718	1.1453
-96	0.00310512	0.000482542	0.0255596	1.1403
-95	0.0031173	0.000484434	0.0256598	1.14477
-94	0.00308591	0.000479557	0.0254015	1.13324
-93	0.00308415	0.000479283	0.025387	1.13259
-92	0.00312272	0.000485277	0.0257044	1.14676
-91	0.00311813	0.000484563	0.0256666	1.14507
-90	0.00311112	0.000483474	0.0256089	1.1425
-89	0.00311371	0.000483877	0.0256303	1.14345
-88	0.00310481	0.000482493	0.025557	1.14018
-87	0.00312593	0.000485776	0.0257309	1.14794
-86	0.00312166	0.000485112	0.0256957	1.14637
-85	0.00311772	0.0004845	0.0256633	1.14492
-84	0.00311146	0.000483527	0.0256118	1.14262
-83	0.0031007	0.000481854	0.0255232	1.13867
-82	0.00311927	0.00048474	0.025676	1.14549
-81	0.00313066	0.000486511	0.0257698	1.14968
-80	0.00312411	0.000485492	0.0257159	1.14727
-79	0.00312442	0.00048554	0.0257184	1.14738
-78	0.00312691	0.000485928	0.025739	1.1483
-77	0.00313136	0.000486619	0.0257756	1.14993
-76	0.0031145	0.000484	0.0256368	1.14374
-75	0.00310542	0.000482588	0.025562	1.1404
-74	0.00313453	0.000487112	0.0258016	1.15109
-73	0.0031276	0.000486034	0.0257446	1.14855
-72	0.00313661	0.000487435	0.0258188	1.15186
-71	0.00312531	0.00048568	0.0257258	1.14771
-70	0.00312787	0.000486078	0.0257469	1.14865
-69	0.00313574	0.0004873	0.0258116	1.15154
-68	0.00313446	0.000487102	0.0258011	1.15107
-67	0.00314649	0.00048897	0.0259001	1.15549
-66	0.00313599	0.000487339	0.0258137	1.15163
-65	0.00314289	0.000488411	0.0258705	1.15417
-64	0.00312929	0.000486297	0.0257585	1.14917
-63	0.00312248	0.00048524	0.0257025	1.14667
-62	0.0031604	0.000491133	0.0260146	1.1606
-61	0.00314241	0.000488337	0.0258665	1.15399
-60	0.00314363	0.000488525	0.0258765	1.15444
-59	0.00314652	0.000488975	0.0259004	1.1555
-58	0.00313516	0.00048721	0.0258068	1.15133
-57	0.00313474	0.000487145	0.0258034	1.15117
-56	0.00314275	0.00048839	0.0258693	1.15411
-55	0.00312748	0.000486016	0.0257436	1.14851
-54	0.00314677	0.000489013	0.0259024	1.15559
-53	0.00313848	0.000487725	0.0258341	1.15254
-52	0.00314175	0.000488234	0.0258611	1.15375
-51	0.0031514	0.000489733	0.0259405	1.15729
-50	0.00314563	0.000488836	0.025893	1.15517
-49	0.00312759	0.000486033	0.0257445	1.14855
-48	0.00316669	0.00049211	0.0260664	1.16291
-47	0.00314676	0.000489013	0.0259023	1.15559
-46	0.00315163	0.000489769	0.0259424	1.15737
-45	0.00315426	0.000490179	0.0259641	1.15834
-44	0.00315767	0.000490709	0.0259922	1.15959
-43	0.0031812	0.000494364	0.0261858	1.16823
-42	0.00316393	0.000491681	0.0260436	1.16189
-41	0.00317902	0.000494026	0.0261679	1.16744
-40	0.00315999	0.000491069	0.0260113	1.16045
-39	0.00316631	0.00049205	0.0260632	1.16277
-38	0.00317595	0.000493548	0.0261426	1.1663
-37	0.00320054	0.000497371	0.026345	1.17534
-36	0.00318881	0.000495547	0.0262484	1.17103
-35	0.00316742	0.000492223	0.0260724	1.16317
-34	0.00317557	0.00049349	0.0261395	1.16617
-33	0.00317889	0.000494006	0.0261668	1.16739
-32	0.00318971	0.000495686	0.0262558	1.17136
-31	0.00318801	0.000495422	0.0262418	1.17073
-30	0.00320006	0.000497296	0.0263411	1.17516
-29	0.0031833	0.000494692	0.0262031	1.16901
-28	0.00318873	0.000495535	0.0262478	1.171
-27	0.0031917	0.000495996	0.0262722	1.17209
-26	0.0031962	0.000496695	0.0263093	1.17374
-25	0.00322197	0.0005007	0.0265214	1.1832
-24	0.00322144	0.000500617	0.026517	1.18301
-23	0.00320054	0.00049737	0.026345	1.17534
-22	0.00318683	0.00049524	0.0262322	1.1703
-21	0.00319343	0.000496265	0.0262865	1.17272
-20	0.00319948	0.000497205	0.0263362	1.17495
-19	0.003204	0.000497908	0.0263735	1.17661
-18	0.00321464	0.000499561	0.026461	1.18051
-17	0.0032151	0.000499632	0.0264648	1.18068
-16	0.00321861	0.000500178	0.0264937	1.18197
-15	0.00319872	0.000497087	0.02633	1.17467
-14	0.00321485	0.000499593	0.0264628	1.18059
-13	0.00322863	0.000501735	0.0265762	1.18565
-12	0.00320842	0.000498595	0.0264099	1.17823
-11	0.00322197	0.0005007	0.0265214	1.18321
-10	0.00321032	0.00049889	0.0264255	1.17893
-9	0.00322127	0.000500591	0.0265156	1.18295
-8	0.00323699	0.000503034	0.026645	1.18872
-7	0.00324687	0.000504571	0.0267264	1.19235
-6	0.00323122	0.000502138	0.0265976	1.1866
-5	0.00325292	0.000505509	0.0267761	1.19457
-4	0.00326504	0.000507393	0.0268759	1.19902
-3	0.003295	0.000512049	0.0271225	1.21002
-2	0.00324332	0.000504017	0.0266971	1.19104
-1	0.00303884	0.000472242	0.025014	1.11596
0	0.00305069	0.000474083	0.0251115	1.12031
1	0.00313675	0.000487457	0.0258199	1.15191
2	0.00319502	0.000496513	0.0262996	1.17331
3	0.00320933	0.000498737	0.0264174	1.17857
4	0.00321558	0.000499708	0.0264688	1.18086
5	0.00323568	0.000502831	0.0266343	1.18824
6	0.00331954	0.000515863	0.0273245	1.21904
7	0.00339593	0.000527734	0.0279534	1.24709
8	0.00339732	0.000527949	0.0279648	1.2476
9	0.00332545	0.000516781	0.0273732	1.22121
10	0.00330275	0.000513253	0.0271863	1.21287
11	0.00329301	0.000511741	0.0271062	1.2093
12	0.00330407	0.000513459	0.0271972	1.21336
13	0.0032691	0.000508025	0.0269094	1.20051
14	0.00327107	0.000508331	0.0269256	1.20124
15	0.00326893	0.000507998	0.026908	1.20045
16	0.00330027	0.000512868	0.0271659	1.21196
17	0.00327284	0.000508606	0.0269402	1.20189
18	0.0032821	0.000510045	0.0270164	1.20529
19	0.00329818	0.000512543	0.0271487	1.21119
20	0.00331839	0.000515684	0.0273151	1.21861
21	0.00331404	0.000515008	0.0272793	1.21702
22	0.00334573	0.000519933	0.0275401	1.22866
23	0.00334546	0.00051989	0.0275379	1.22855
24	0.00333939	0.000518948	0.0274879	1.22633
25	0.00334311	0.000519526	0.0275186	1.22769
26	0.00335549	0.000521449	0.0276204	1.23224
27	0.00334497	0.000519815	0.0275339	1.22838
28	0.00337669	0.000524744	0.0277949	1.24002
29	0.00338149	0.000525489	0.0278344	1.24178
30	0.00339293	0.000527268	0.0279287	1.24599
31	0.00339706	0.000527909	0.0279626	1.2475
32	0.00343223	0.000533376	0.0282522	1.26042
33	0.00344375	0.000535166	0.028347	1.26465
34	0.00348946	0.000542268	0.0287232	1.28144
35	0.00346558	0.000538557	0.0285266	1.27267
36	0.00346479	0.000538435	0.0285201	1.27238
37	0.00343838	0.00053433	0.0283027	1.26268
38	0.00345356	0.00053669	0.0284277	1.26825
39	0.00342402	0.000532099	0.0281845	1.2574
40	0.00341311	0.000530404	0.0280948	1.2534
41	0.00340746	0.000529526	0.0280483	1.25132
42	0.00338671	0.000526301	0.0278775	1.2437
43	0.00339763	0.000527998	0.0279673	1.24771
44	0.00337166	0.000523962	0.0277536	1.23818
45	0.00336663	0.000523181	0.0277122	1.23633
46	0.00336496	0.000522921	0.0276984	1.23572
47	0.00336423	0.000522808	0.0276924	1.23545
48	0.00334602	0.000519978	0.0275425	1.22876
49	0.00335708	0.000521696	0.0276335	1.23282
50	0.00335349	0.000521138	0.027604	1.2315
51	0.00334183	0.000519326	0.027508	1.22722
52	0.00333289	0.000517938	0.0274344	1.22394
53	0.00334893	0.00052043	0.0275664	1.22983
54	0.00332818	0.000517205	0.0273956	1.22221
55	0.00333348	0.00051803	0.0274393	1.22416
56	0.00334531	0.000519868	0.0275367	1.2285
57	0.0033168	0.000515437	0.027302	1.21803
58	0.00331325	0.000514886	0.0272728	1.21673
59	0.00332029	0.00051598	0.0273307	1.21931
60	0.00332876	0.000517295	0.0274004	1.22242
61	0.00331818	0.000515651	0.0273133	1.21854
62	0.00331202	0.000514695	0.0272627	1.21628
63	0.00331834	0.000515676	0.0273146	1.21859
64	0.00331848	0.000515698	0.0273158	1.21865
65	0.00328162	0.00050997	0.0270124	1.20511
66	0.00331488	0.000515138	0.0272862	1.21732
67	0.00329164	0.000511527	0.0270949	1.20879
68	0.00330079	0.00051295	0.0271702	1.21215
69	0.00328493	0.000510484	0.0270397	1.20633
70	0.00330369	0.000513399	0.0271941	1.21322
71	0.00356777	0.000554439	0.0293679	1.3102
72	0.00364373	0.000566242	0.0299931	1.33809
73	0.00368718	0.000572995	0.0303508	1.35405
74	0.00371093	0.000576686	0.0305463	1.36277
75	0.00373539	0.000580487	0.0307476	1.37175
76	0.00372155	0.000578337	0.0306337	1.36667
77	0.00372964	0.000579593	0.0307002	1.36964
78	0.00377303	0.000586335	0.0310574	1.38557
79	0.00375892	0.000584143	0.0309412	1.38039
80	0.00377486	0.00058662	0.0310725	1.38624
81	0.00383317	0.000595683	0.0315525	1.40766
82	0.00382069	0.000593742	0.0314497	1.40307
83	0.00384586	0.000597655	0.0316569	1.41232
84	0.00384704	0.000597838	0.0316666	1.41275
85	0.00385616	0.000599255	0.0317417	1.4161
86	0.00387095	0.000601553	0.0318634	1.42153
87	0.00389874	0.000605871	0.0320922	1.43174
88	0.00388602	0.000603895	0.0319875	1.42706
89	0.00391126	0.000607817	0.0321952	1.43633
90	0.00391275	0.000608048	0.0322075	1.43688
91	0.00392819	0.000610448	0.0323346	1.44255
92	0.00392964	0.000610673	0.0323465	1.44308
93	0.00393514	0.000611528	0.0323918	1.4451
94	0.00394389	0.000612888	0.0324638	1.44832
95	0.00395036	0.000613893	0.0325171	1.45069
96	0.00394859	0.000613619	0.0325025	1.45004
97	0.0039379	0.000611957	0.0324145	1.44612
98	0.00393921	0.000612161	0.0324253	1.4466
99	0.00395049	0.000613914	0.0325182	1.45074
100	0.00392348	0.000609716	0.0322958	1.44082
101	0.0039259	0.000610092	0.0323157	1.44171
102	0.00392549	0.000610028	0.0323123	1.44156
103	0.00393921	0.000612161	0.0324253	1.4466
104	0.00393493	0.000611495	0.0323901	1.44503
105	0.00391393	0.000608232	0.0322172	1.43732
106	0.00392524	0.00060999	0.0323103	1.44147
107	0.00392587	0.000610087	0.0323155	1.4417
108	0.00394653	0.000613298	0.0324856	1.44929
109	0.00394116	0.000612463	0.0324413	1.44731
110	0.00391649	0.00060863	0.0322383	1.43826
111	0.00392088	0.000609312	0.0322744	1.43987
112	0.00395008	0.00061385	0.0325148	1.45059
113	0.0039265	0.000610186	0.0323207	1.44193
114	0.00394313	0.000612769	0.0324575	1.44804
115	0.00394073	0.000612397	0.0324378	1.44716
116	0.00394762	0.000613468	0.0324946	1.44969
117	0.00396716	0.000616505	0.0326554	1.45686
118	0.0039808	0.000618625	0.0327677	1.46187
119	0.00398425	0.00061916	0.0327961	1.46314
120	0.00397222	0.00061729	0.032697	1.45872
121	0.00399782	0.000621269	0.0329078	1.46812
122	0.00402149	0.000624947	0.0331026	1.47681
123	0.00402923	0.000626151	0.0331663	1.47966
124	0.00404716	0.000628937	0.0333139	1.48624
125	0.00407152	0.000632722	0.0335144	1.49519
126	0.00410792	0.000638379	0.033814	1.50855
127	0.00412329	0.000640767	0.0339406	1.5142
128	0.00415059	0.000645009	0.0341653	1.52422
129	0.00419451	0.000651834	0.0345268	1.54035
130	0.00425795	0.000661694	0.035049	1.56365
131	0.00430788	0.000669453	0.03546	1.58198
132	0.00433768	0.000674084	0.0357053	1.59293
133	0.00440877	0.000685132	0.0362905	1.61904
134	0.00448171	0.000696467	0.0368909	1.64582
135	0.0045779	0.000711415	0.0376826	1.68115
136	0.00467084	0.000725857	0.0384476	1.71527
137	0.0048014	0.000746146	0.0395223	1.76322
138	0.00493285	0.000766575	0.0406044	1.8115
139	0.00508349	0.000789985	0.0418444	1.86681
140	0.00522509	0.000811989	0.04301	1.91881
141	0.00539551	0.000838473	0.0444128	1.9814
142	0.00557807	0.000866843	0.0459155	2.04844
143	0.00575645	0.000894563	0.0473838	2.11394
144	0.00592842	0.000921287	0.0487993	2.1771
145	0.00607704	0.000944384	0.0500227	2.23168
146	0.00622138	0.000966815	0.0512109	2.28468
147	0.0063425	0.000985637	0.0522078	2.32916
148	0.00645955	0.00100383	0.0531713	2.37214
149	0.00654624	0.0010173	0.0538849	2.40398
150	0.00659708	0.0010252	0.0543034	2.42265
151	0.00662973	0.00103027	0.0545721	2.43464
152	0.00662817	0.00103003	0.0545593	2.43407
153	0.00668883	0.00103946	0.0550586	2.45634
154	0.00666747	0.00103614	0.0548828	2.4485
155	0.00663669	0.00103135	0.0546294	2.4372
156	0.00665541	0.00103426	0.0547835	2.44407
157	0.00663155	0.00103056	0.0545871	2.43531
158	0.00655004	0.00101789	0.0539162	2.40537
159	0.00653765	0.00101596	0.0538141	2.40082
160	0.00651742	0.00101282	0.0536476	2.39339
161	0.00650673	0.00101116	0.0535597	2.38947
162	0.00646381	0.00100449	0.0532064	2.37371
163	0.00643401	0.000999858	0.0529611	2.36277
164	0.00639979	0.00099454	0.0526794	2.3502
165	0.00635868	0.000988151	0.052341	2.3351
166	0.00629656	0.000978498	0.0518297	2.31229
167	0.0062836	0.000976483	0.0517229	2.30753
168	0.00627109	0.000974539	0.05162	2.30293
169	0.00622907	0.00096801	0.0512742	2.28751
170	0.00620484	0.000964244	0.0510747	2.27861
171	0.00616495	0.000958045	0.0507463	2.26396
172	0.00610324	0.000948455	0.0502383	2.2413
173	0.00613141	0.000952833	0.0504703	2.25164
174	0.00609466	0.000947122	0.0501677	2.23815
175	0.00605596	0.000941108	0.0498492	2.22393
176	0.00602793	0.000936752	0.0496184	2.21364
177	0.00603137	0.000937287	0.0496468	2.2149
178	0.00597847	0.000929065	0.0492113	2.19548
179	0.00596819	0.000927468	0.0491267	2.1917
180	0.0059355	0.000922388	0.0488576	2.1797
181	0.00592268	0.000920396	0.0487521	2.17499
182	0.00589312	0.000915803	0.0485088	2.16414
183	0.0058791	0.000913623	0.0483933	2.15898
184	0.00583308	0.000906472	0.0480146	2.14209
185	0.00580505	0.000902116	0.0477838	2.13179
186	0.00574822	0.000893285	0.0473161	2.11092
187	0.00573229	0.000890809	0.0471849	2.10507
188	0.00572864	0.000890242	0.0471549	2.10373
189	0.00569199	0.000884546	0.0468532	2.09027
190	0.00569115	0.000884416	0.0468463	2.08996
191	0.00567251	0.000881519	0.0466928	2.08312
192	0.00562325	0.000873864	0.0462874	2.06503
193	0.00562671	0.000874402	0.0463159	2.0663
194	0.00560702	0.000871341	0.0461537	2.05907
195	0.00557061	0.000865683	0.045854	2.0457
196	0.0055382	0.000860646	0.0455872	2.03379
197	0.00552406	0.00085845	0.0454709	2.0286
198	0.00546996	0.000850043	0.0450256	2.00874
199	0.00546896	0.000849887	0.0450174	2.00837
200	0.00542417	0.000842927	0.0446487	1.99192
201	0.0054027	0.00083959	0.0444719	1.98404
202	0.00536537	0.000833789	0.0441646	1.97033
203	0.00533015	0.000828315	0.0438747	1.95739
204	0.00533981	0.000829817	0.0439542	1.96094
205	0.00529678	0.00082313	0.0436001	1.94514
206	0.0052465	0.000815317	0.0431862	1.92668
207	0.00523447	0.000813446	0.0430871	1.92226
208	0.00517433	0.0008041	0.0425921	1.90017
209	0.00516547	0.000802725	0.0425192	1.89692
210	0.0051273	0.000796792	0.042205	1.8829
211	0.00511069	0.00079421	0.0420682	1.8768
212	0.00506735	0.000787476	0.0417115	1.86089
213	0.00504429	0.000783893	0.0415217	1.85242
214	0.00500786	0.00077823	0.0412218	1.83904
215	0.00499411	0.000776094	0.0411086	1.83399
216	0.00496952	0.000772273	0.0409062	1.82496
217	0.00491104	0.000763185	0.0404249	1.80348
218	0.00490744	0.000762625	0.0403952	1.80216
219	0.00490796	0.000762706	0.0403995	1.80235
220	0.00482711	0.000750142	0.039734	1.77266
221	0.00481986	0.000749015	0.0396743	1.77
222	0.00478001	0.000742822	0.0393463	1.75537
223	0.00474865	0.00073795	0.0390882	1.74385
224	0.0047598	0.000739682	0.03918	1.74795
225	0.00471404	0.000732571	0.0388033	1.73114
226	0.00468386	0.000727881	0.0385548	1.72006
227	0.00467081	0.000725853	0.0384474	1.71526
228	0.00464036	0.000721121	0.0381968	1.70408
229	0.00463193	0.000719811	0.0381274	1.70099
230	0.00457672	0.000711231	0.0376729	1.68071
231	0.00455687	0.000708146	0.0375095	1.67342
232	0.00456293	0.000709088	0.0375594	1.67565
233	0.00451901	0.000702263	0.0371979	1.65952
234	0.00449339	0.000698282	0.036987	1.65011
235	0.00447833	0.000695941	0.036863	1.64458
236	0.00446162	0.000693345	0.0367255	1.63845
237	0.00444982	0.00069151	0.0366283	1.63411
238	0.00440478	0.000684511	0.0362576	1.61757
239	0.00439937	0.000683671	0.0362131	1.61558
240	0.00435717	0.000677112	0.0358657	1.60009
241	0.0043555	0.000676853	0.035852	1.59947
242	0.00434539	0.000675282	0.0357688	1.59576
243	0.00431337	0.000670306	0.0355052	1.584
244	0.00430101	0.000668385	0.0354035	1.57946
245	0.00427142	0.000663786	0.0351598	1.56859
246	0.004254	0.00066108	0.0350165	1.5622
247	0.00423973	0.000658863	0.0348991	1.55696
248	0.00423538	0.000658186	0.0348632	1.55536
249	0.00419609	0.00065208	0.0345398	1.54093
250	0.00417045	0.000648096	0.0343288	1.53152
251	0.00414931	0.000644811	0.0341547	1.52375
252	0.00415173	0.000645186	0.0341746	1.52464
253	0.0040982	0.000636868	0.033734	1.50498
254	0.00411466	0.000639426	0.0338695	1.51103
255	0.00407906	0.000633894	0.0335765	1.49796
256	0.0040776	0.000633667	0.0335645	1.49742
257	0.00405044	0.000629446	0.0333409	1.48744
258	0.00405742	0.000630531	0.0333984	1.49001
259	0.00403696	0.000627351	0.0332299	1.48249
260	0.00400871	0.000622962	0.0329974	1.47212
261	0.00397339	0.000617472	0.0327066	1.45915
262	0.00398934	0.000619951	0.032838	1.46501
263	0.00395522	0.000614649	0.0325571	1.45248
264	0.00396508	0.000616181	0.0326383	1.4561
265	0.00392914	0.000610596	0.0323424	1.4429
266	0.00394126	0.000612479	0.0324421	1.44735
267	0.00392794	0.000610409	0.0323325	1.44246
268	0.00387902	0.000602806	0.0319298	1.42449
269	0.00387529	0.000602227	0.0318992	1.42312
270	0.00387601	0.00060234	0.0319051	1.42339
271	0.00385692	0.000599373	0.0317479	1.41638
272	0.00384689	0.000597814	0.0316654	1.4127
273	0.00384541	0.000597583	0.0316532	1.41215
274	0.00382271	0.000594056	0.0314664	1.40382
275	0.00383274	0.000595615	0.0315489	1.4075
276	0.00380567	0.000591408	0.0313261	1.39756
277	0.0037828	0.000587855	0.0311379	1.38916
278	0.00377066	0.000585968	0.0310379	1.3847
279	0.003763	0.000584777	0.0309748	1.38189
280	0.00376593	0.000585232	0.030999	1.38296
281	0.00373968	0.000581153	0.0307829	1.37332
282	0.00374279	0.000581636	0.0308085	1.37447
283	0.00374673	0.000582249	0.0308409	1.37591
284	0.00370168	0.000575248	0.0304701	1.35937
285	0.00370871	0.00057634	0.0305279	1.36195
286	0.00370797	0.000576226	0.0305219	1.36168
287	0.00369363	0.000573996	0.0304038	1.35641
288	0.00367741	0.000571476	0.0302703	1.35046
289	0.00368028	0.000571922	0.0302939	1.35151
290	0.00367668	0.000571363	0.0302643	1.35019
291	0.00366292	0.000569224	0.030151	1.34514
292	0.00365438	0.000567897	0.0300807	1.342
293	0.00362673	0.0005636	0.0298531	1.33184
294	0.00361552	0.000561859	0.0297609	1.32773
295	0.00361358	0.000561558	0.0297449	1.32702
296	0.00361266	0.000561414	0.0297373	1.32668
297	0.00360314	0.000559935	0.029659	1.32318
298	0.00358953	0.00055782	0.0295469	1.31818
299	0.00359229	0.000558248	0.0295697	1.3192
300	0.0035765	0.000555795	0.0294397	1.3134
301	0.0035748	0.000555531	0.0294257	1.31278
302	0.00356017	0.000553258	0.0293053	1.3074
303	0.00355617	0.000552636	0.0292724	1.30594
304	0.00353197	0.000548875	0.0290731	1.29705
305	0.00353031	0.000548618	0.0290595	1.29644
306	0.00355797	0.000552916	0.0292872	1.3066
307	0.00352637	0.000548005	0.0290271	1.29499
308	0.00352787	0.000548237	0.0290394	1.29554
309	0.00350042	0.000543972	0.0288134	1.28546
310	0.00350882	0.000545277	0.0288826	1.28855
311	0.00347367	0.000539814	0.0285932	1.27564
312	0.00346879	0.000539057	0.0285531	1.27385
313	0.00347156	0.000539487	0.0285759	1.27486
314	0.00346282	0.000538129	0.0285039	1.27165
315	0.00346675	0.00053874	0.0285363	1.2731
316	0.00344741	0.000535734	0.0283771	1.26599
317	0.00346022	0.000537726	0.0284826	1.2707
318	0.0034509	0.000536276	0.0284058	1.26727
319	0.00340226	0.000528717	0.0280054	1.24941
320	0.00342148	0.000531704	0.0281636	1.25647
321	0.00341661	0.000530947	0.0281235	1.25468
322	0.00342131	0.000531678	0.0281623	1.25641
323	0.00341008	0.000529933	0.0280698	1.25229
324	0.00340195	0.00052867	0.0280029	1.2493
325	0.0033995	0.00052829	0.0279828	1.2484
326	0.00340763	0.000529552	0.0280497	1.25139
327	0.00339156	0.000527054	0.0279173	1.24548
328	0.00337524	0.000524519	0.027783	1.23949
329	0.00336001	0.000522152	0.0276577	1.2339
330	0.00335241	0.00052097	0.0275951	1.23111
331	0.00336364	0.000522716	0.0276875	1.23523
332	0.00333134	0.000517696	0.0274216	1.22337
333	0.00335155	0.000520837	0.027588	1.23079
334	0.00333658	0.000518511	0.0274648	1.2253
335	0.00332965	0.000517433	0.0274077	1.22275
336	0.00333848	0.000518806	0.0274805	1.22599
337	0.00329823	0.000512551	0.0271491	1.21121
338	0.0033022	0.000513168	0.0271818	1.21267
339	0.00329916	0.000512696	0.0271568	1.21155
340	0.00332082	0.000516062	0.0273351	1.21951
341	0.00326441	0.000507295	0.0268707	1.19879
342	0.00329657	0.000512294	0.0271355	1.2106
343	0.00327526	0.000508982	0.0269601	1.20278
344	0.00326662	0.000507639	0.0268889	1.1996
345	0.00327919	0.000509593	0.0269924	1.20422
346	0.00327696	0.000509245	0.026974	1.2034
347	0.00325619	0.000506019	0.0268031	1.19577
348	0.00326683	0.000507671	0.0268906	1.19968
349	0.00326303	0.000507081	0.0268594	1.19828
350	0.00324196	0.000503806	0.0266859	1.19055
351	0.0032432	0.000504	0.0266962	1.191
352	0.00323414	0.000502592	0.0266216	1.18768
353	0.00322669	0.000501433	0.0265602	1.18494
354	0.00323042	0.000502013	0.0265909	1.18631
355	0.00323415	0.000502593	0.0266217	1.18768
356	0.00322886	0.000501771	0.0265781	1.18574
357	0.00322384	0.000500992	0.0265368	1.18389
358	0.00321059	0.000498931	0.0264277	1.17903
359	0.0032089	0.000498669	0.0264138	1.17841
360	0.00320292	0.00049774	0.0263646	1.17621
361	0.00320361	0.000497848	0.0263703	1.17646
362	0.00321201	0.000499152	0.0264394	1.17955
363	0.00321404	0.000499468	0.0264561	1.18029
364	0.00318444	0.000494869	0.0262125	1.16943
365	0.00319573	0.000496623	0.0263054	1.17357
366	0.00317522	0.000493435	0.0261366	1.16604
367	0.00317304	0.000493096	0.0261186	1.16524
368	0.00317363	0.000493188	0.0261235	1.16545
369	0.00318464	0.000494899	0.0262141	1.1695
370	0.0031727	0.000493044	0.0261158	1.16511
371	0.00316769	0.000492265	0.0260746	1.16327
372	0.0031673	0.000492204	0.0260714	1.16313
373	0.00316869	0.000492421	0.0260828	1.16364
374	0.00314966	0.000489463	0.0259262	1.15665
375	0.00316634	0.000492055	0.0260635	1.16278
376	0.00315376	0.000490101	0.02596	1.15816
377	0.00315384	0.000490112	0.0259606	1.15819
378	0.00313712	0.000487514	0.025823	1.15205
379	0.00313875	0.000487767	0.0258364	1.15264
380	0.00314855	0.000489291	0.0259171	1.15624
381	0.00313709	0.00048751	0.0258227	1.15203
382	0.00312665	0.000485888	0.0257368	1.1482
383	0.00313056	0.000486495	0.025769	1.14964
384	0.00313553	0.000487268	0.0258099	1.15146
385	0.00313977	0.000487927	0.0258448	1.15302
386	0.0031442	0.000488615	0.0258812	1.15465
387	0.00312758	0.000486032	0.0257445	1.14854
388	0.00312697	0.000485937	0.0257394	1.14832
389	0.00310835	0.000483044	0.0255862	1.14148
390	0.00311934	0.000484751	0.0256766	1.14552
391	0.00311948	0.000484773	0.0256777	1.14557
392	0.00310925	0.000483183	0.0255935	1.14181
393	0.00312683	0.000485915	0.0257383	1.14827
394	0.00311205	0.000483619	0.0256166	1.14284
395	0.00311236	0.000483667	0.0256192	1.14295
396	0.00310376	0.000482331	0.0255484	1.1398
397	0.00309606	0.000481133	0.025485	1.13697
398	0.0031098	0.000483269	0.0255981	1.14201
399	0.00311471	0.000484031	0.0256385	1.14382
400	0.00309037	0.000480249	0.0254381	1.13488
401	0.00310742	0.000482899	0.0255785	1.14114
402	0.00311116	0.00048348	0.0256093	1.14251
403	0.00311108	0.000483468	0.0256086	1.14248
404	0.00309426	0.000480854	0.0254701	1.13631
405	0.00310031	0.000481794	0.02552	1.13853
406	0.00311592	0.000484219	0.0256484	1.14426
407	0.003076	0.000478016	0.0253198	1.1296
408	0.00308445	0.00047933	0.0253894	1.13271
409	0.00308933	0.000480087	0.0254295	1.13449
410	0.00309436	0.000480869	0.025471	1.13634
411	0.00309785	0.000481412	0.0254997	1.13762
412	0.00307957	0.000478572	0.0253493	1.13091
413	0.00309543	0.000481036	0.0254798	1.13674
414	0.00309472	0.000480925	0.0254739	1.13647
415	0.00308974	0.000480152	0.025433	1.13465
416	0.0030927	0.000480612	0.0254573	1.13573
417	0.00309026	0.000480232	0.0254372	1.13484
418	0.00310089	0.000481884	0.0255247	1.13874
419	0.00309239	0.000480563	0.0254548	1.13562
420	0.00307426	0.000477746	0.0253055	1.12896
421	0.00307122	0.000477274	0.0252806	1.12785
422	0.00307454	0.000477789	0.0253078	1.12907
423	0.00309381	0.000480784	0.0254665	1.13614
424	0.00307731	0.000478219	0.0253306	1.13008
425	0.00307365	0.00047765	0.0253005	1.12874
426	0.00308466	0.000479362	0.0253911	1.13278
427	0.00306487	0.000476287	0.0252283	1.12551
428	0.00307879	0.00047845	0.0253428	1.13063
429	0.0030955	0.000481047	0.0254804	1.13676
430	0.00308283	0.000479077	0.0253761	1.13211
431	0.00309291	0.000480645	0.0254591	1.13581
432	0.00308117	0.00047882	0.0253624	1.1315
433	0.00306856	0.00047686	0.0252586	1.12687
434	0.00306428	0.000476195	0.0252234	1.1253
435	0.00306262	0.000475938	0.0252098	1.12469
436	0.00307582	0.000477988	0.0253184	1.12954
437	0.00309167	0.000480451	0.0254489	1.13536
438	0.00307751	0.000478252	0.0253323	1.13016
439	0.00308069	0.000478745	0.0253585	1.13132
440	0.00306197	0.000475836	0.0252044	1.12445
441	0.00307195	0.000477387	0.0252866	1.12812
442	0.00306988	0.000477065	0.0252695	1.12735
443	0.00306671	0.000476572	0.0252434	1.12619
444	0.00306387	0.000476131	0.02522	1.12515
445	0.00305879	0.000475342	0.0251782	1.12328
446	0.00306255	0.000475926	0.0252092	1.12466
447	0.00305513	0.000474774	0.0251481	1.12194
448	0.00307703	0.000478176	0.0253283	1.12998
449	0.00307451	0.000477784	0.0253076	1.12905
450	0.00307106	0.000477248	0.0252792	1.12779
451	0.00305403	0.000474602	0.025139	1.12153
452	0.00307834	0.000478379	0.0253391	1.13046
453	0.00308107	0.000478804	0.0253616	1.13146
454	0.00306484	0.000476282	0.025228	1.1255
455	0.00307482	0.000477833	0.0253101	1.12917
456	0.00305244	0.000474356	0.025126	1.12095
457	0.00306667	0.000476567	0.0252431	1.12618
458	0.00305251	0.000474365	0.0251265	1.12097
459	0.00306843	0.00047684	0.0252575	1.12682
460	0.00306156	0.000475772	0.025201	1.1243
461	0.00305993	0.000475519	0.0251876	1.1237
462	0.00305934	0.000475428	0.0251828	1.12348
463	0.00306935	0.000476983	0.0252652	1.12716
464	0.00304518	0.000473227	0.0250662	1.11828
465	0.003054	0.000474597	0.0251388	1.12152
466	0.00305818	0.000475246	0.0251732	1.12306
467	0.003058	0.00047522	0.0251717	1.12299
468	0.00304694	0.0004735	0.0250807	1.11893
469	0.00306369	0.000476104	0.0252186	1.12508
470	0.00304881	0.000473791	0.0250961	1.11962
471	0.00304153	0.000472659	0.0250361	1.11694
472	0.00306287	0.000475975	0.0252117	1.12478
473	0.0030439	0.000473028	0.0250556	1.11781
474	0.00304532	0.000473249	0.0250674	1.11834
475	0.00304111	0.000472595	0.0250327	1.11679
476	0.00305379	0.000474564	0.025137	1.12144
477	0.00305693	0.000475053	0.0251629	1.1226
478	0.00304374	0.000473003	0.0250543	1.11775
479	0.00304885	0.000473796	0.0250963	1.11963
480	0.00304377	0.000473008	0.0250546	1.11777
481	0.00304411	0.000473061	0.0250574	1.11789
482	0.0030466	0.000473448	0.0250779	1.11881
483	0.00304459	0.000473136	0.0250613	1.11807
484	0.00304384	0.000473019	0.0250551	1.11779
485	0.00304746	0.000473582	0.025085	1.11912
486	0.00304056	0.000472508	0.0250281	1.11659
487	0.00302471	0.000470045	0.0248977	1.11077
488	0.00304018	0.000472449	0.025025	1.11645
489	0.00303006	0.000470877	0.0249417	1.11273
490	0.00304173	0.000472691	0.0250378	1.11702
491	0.00303316	0.000471359	0.0249673	1.11387
492	0.00302789	0.000470539	0.0249238	1.11193
493	0.0030544	0.00047466	0.0251421	1.12167
494	0.00304014	0.000472444	0.0250247	1.11643
495	0.0030388	0.000472235	0.0250136	1.11594
496	0.00305572	0.000474864	0.0251529	1.12215
497	0.00304307	0.000472899	0.0250488	1.11751
498	0.00305475	0.000474714	0.025145	1.1218
499	0.00305282	0.000474414	0.0251291	1.12109
500	0.00305597	0.000474903	0.0251549	1.12224
501	0.00302675	0.000470363	0.0249145	1.11152
502	0.0030465	0.000473431	0.025077	1.11877
503	0.00303124	0.00047106	0.0249514	1.11316
504	0.00304647	0.000473427	0.0250768	1.11876
505	0.0030343	0.000471537	0.0249766	1.11429
506	0.00303745	0.000472026	0.0250026	1.11545
507	0.00302816	0.000470582	0.0249261	1.11203
508	0.00303459	0.00047158	0.024979	1.11439
509	0.00303155	0.000471108	0.0249539	1.11328
510	0.00304982	0.000473947	0.0251043	1.11999
511	0.00301414	0.000468404	0.0248107	1.10689
512	0.00303472	0.000471602	0.0249801	1.11444
513	0.0030437	0.000472997	0.025054	1.11774
514	0.00303483	0.000471618	0.024981	1.11448
515	0.00303317	0.000471361	0.0249673	1.11387
516	0.00303807	0.000472122	0.0250077	1.11567
517	0.00305634	0.000474961	0.0251581	1.12238
518	0.0030292	0.000470743	0.0249346	1.11241
519	0.0030311	0.000471039	0.0249503	1.11311
520	0.00303127	0.000471065	0.0249516	1.11317
521	0.00302513	0.00047011	0.0249011	1.11092
522	0.00301014	0.000467781	0.0247777	1.10541
523	0.00302426	0.000469976	0.024894	1.1106
524	0.00303151	0.000471103	0.0249537	1.11326
525	0.00303903	0.000472272	0.0250156	1.11603
526	0.00302675	0.000470362	0.0249144	1.11151
527	0.00300703	0.000467298	0.0247521	1.10427
528	0.00303669	0.000471908	0.0249963	1.11517
529	0.00302015	0.000469337	0.0248601	1.10909
530	0.00303655	0.000471886	0.0249951	1.11511
531	0.00303238	0.000471237	0.0249608	1.11358
532	0.00302819	0.000470587	0.0249263	1.11205
533	0.00303158	0.000471113	0.0249542	1.11329
534	0.00303437	0.000471548	0.0249772	1.11432
535	0.00302495	0.000470083	0.0248996	1.11085
536	0.00303372	0.000471446	0.0249719	1.11408
537	0.0030369	0.00047194	0.024998	1.11524
538	0.00302844	0.000470625	0.0249283	1.11213
539	0.00301059	0.000467851	0.0247814	1.10558
540	0.00301207	0.000468081	0.0247936	1.10612
541	0.00301901	0.00046916	0.0248508	1.10867
542	0.003036	0.0004718	0.0249906	1.11491
543	0.00302626	0.000470287	0.0249105	1.11134
544	0.00302685	0.000470378	0.0249153	1.11155
545	0.00304428	0.000473087	0.0250588	1.11795
546	0.00302833	0.000470609	0.0249275	1.1121
547	0.00302253	0.000469707	0.0248798	1.10997
548	0.00302986	0.000470846	0.0249401	1.11266
549	0.00301376	0.000468345	0.0248076	1.10675
550	0.00302616	0.000470272	0.0249096	1.1113
551	0.00302543	0.000470157	0.0249036	1.11103
552	0.0030389	0.000472251	0.0250145	1.11598
553	0.00301853	0.000469085	0.0248468	1.10849
554	0.00301469	0.000468489	0.0248152	1.10709
555	0.0030323	0.000471225	0.0249601	1.11355
556	0.00302712	0.000470421	0.0249175	1.11165
557	0.00302512	0.00047011	0.0249011	1.11092
558	0.00302509	0.000470105	0.0249008	1.11091
559	0.00301175	0.000468032	0.024791	1.10601
560	0.0030147	0.00046849	0.0248153	1.10709
561	0.00302933	0.000470764	0.0249357	1.11246
562	0.00301669	0.000468799	0.0248317	1.10782
563	0.00301694	0.000468838	0.0248337	1.10791
564	0.00302864	0.000470657	0.02493	1.11221
565	0.0030284	0.00047062	0.0249281	1.11212
566	0.00301638	0.000468751	0.0248291	1.10771
567	0.00301342	0.000468291	0.0248047	1.10662
568	0.003017	0.000468848	0.0248342	1.10794
569	0.00302143	0.000469536	0.0248707	1.10956
570	0.00300572	0.000467095	0.0247414	1.10379
571	0.00303375	0.000471451	0.0249721	1.11409
572	0.0030187	0.000469111	0.0248482	1.10856
573	0.00301107	0.000467926	0.0247854	1.10576
574	0.00299629	0.000465629	0.0246637	1.10033
575	0.00301376	0.000468344	0.0248075	1.10674
576	0.00300292	0.00046666	0.0247183	1.10277
577	0.0030196	0.000469251	0.0248556	1.10889
578	0.00301414	0.000468402	0.0248106	1.10688
579	0.00300621	0.000467171	0.0247454	1.10397
580	0.00304032	0.000472471	0.0250262	1.1165
581	0.0030099	0.000467744	0.0247758	1.10533
582	0.00301106	0.000467925	0.0247853	1.10575
583	0.00301007	0.00046777	0.0247771	1.10539
584	0.00303026	0.000470909	0.0249434	1.11281
585	0.00302177	0.000469589	0.0248735	1.10969
586	0.00300434	0.00046688	0.02473	1.10328
587	0.00300016	0.00046623	0.0246956	1.10175
588	0.00301777	0.000468967	0.0248405	1.10822
589	0.00303196	0.000471173	0.0249574	1.11343
590	0.00302451	0.000470014	0.024896	1.11069
591	0.00302526	0.000470131	0.0249022	1.11097
592	0.00300258	0.000466606	0.0247155	1.10264
593	0.00300972	0.000467716	0.0247743	1.10526
594	0.00301307	0.000468237	0.0248019	1.10649
595	0.00300499	0.000466981	0.0247353	1.10352
596	0.00303341	0.000471398	0.0249693	1.11396
597	0.00301874	0.000469117	0.0248485	1.10857
598	0.00300077	0.000466326	0.0247007	1.10198
599	0.00301372	0.000468338	0.0248072	1.10673
600	0.00301118	0.000467943	0.0247863	1.1058
601	0.00300755	0.000467379	0.0247564	1.10446
602	0.00301335	0.00046828	0.0248041	1.10659
603	0.0030053	0.000467029	0.0247379	1.10364
604	0.0030255	0.000470169	0.0249042	1.11106
605	0.00300886	0.000467582	0.0247672	1.10494
606	0.0030225	0.000469703	0.0248795	1.10996
607	0.00300096	0.000466354	0.0247021	1.10204
608	0.0030139	0.000468366	0.0248087	1.1068
609	0.00300796	0.000467443	0.0247598	1.10462
610	0.00301763	0.000468945	0.0248394	1.10817
611	0.00300161	0.000466456	0.0247075	1.10228
612	0.003011	0.000467915	0.0247848	1.10573
613	0.00301383	0.000468355	0.0248081	1.10677
614	0.00301038	0.000467819	0.0247797	1.1055
615	0.00301339	0.000468286	0.0248045	1.10661
616	0.0030274	0.000470464	0.0249198	1.11176
617	0.00301217	0.000468097	0.0247945	1.10616
618	0.00300586	0.000467117	0.0247425	1.10384
619	0.00301576	0.000468655	0.024824	1.10748
620	0.003009	0.000467605	0.0247684	1.105
621	0.00300188	0.000466498	0.0247098	1.10238
622	0.00300289	0.000466654	0.024718	1.10275
623	0.00300068	0.000466311	0.0246998	1.10194
624	0.00299039	0.000464712	0.0246151	1.09816
625	0.00300523	0.000467018	0.0247373	1.10361
626	0.00301808	0.000469016	0.0248431	1.10833
627	0.00301128	0.000467958	0.0247871	1.10583
628	0.00299422	0.000465307	0.0246467	1.09957
629	0.00299138	0.000464867	0.0246234	1.09853
630	0.00299097	0.000464803	0.02462	1.09838
631	0.00300648	0.000467213	0.0247476	1.10407
632	0.00300841	0.000467512	0.0247635	1.10478
633	0.00299588	0.000465565	0.0246603	1.10018
634	0.00300247	0.00046659	0.0247146	1.1026
635	0.0029937	0.000465226	0.0246424	1.09938
636	0.0029887	0.000464449	0.0246012	1.09754
637	0.00301169	0.000468022	0.0247905	1.10598
638	0.00299349	0.000465195	0.0246407	1.0993
639	0.00299021	0.000464685	0.0246137	1.0981
640	0.00301974	0.000469273	0.0248567	1.10894
641	0.00299822	0.000465929	0.0246796	1.10104
642	0.00300282	0.000466644	0.0247175	1.10273
643	0.00300198	0.000466514	0.0247106	1.10242
644	0.00300561	0.000467078	0.0247405	1.10375
645	0.00299021	0.000464685	0.0246137	1.0981
646	0.00298701	0.000464186	0.0245873	1.09692
647	0.00299788	0.000465877	0.0246768	1.10091
648	0.00300323	0.000466708	0.0247209	1.10288
649	0.00299646	0.000465656	0.0246651	1.10039
650	0.00299325	0.000465156	0.0246387	1.09921
651	0.0029896	0.000464589	0.0246086	1.09787
652	0.0029965	0.000465661	0.0246654	1.10041
653	0.00299881	0.000466021	0.0246845	1.10126
654	0.00300592	0.000467126	0.024743	1.10387
655	0.00301973	0.000469272	0.0248567	1.10894
656	0.00300015	0.00046623	0.0246955	1.10175
657	0.00301351	0.000468306	0.0248055	1.10665
658	0.00301255	0.000468156	0.0247976	1.1063
659	0.00301608	0.000468704	0.0248266	1.1076
660	0.00299529	0.000465473	0.0246555	1.09996
661	0.00300599	0.000467137	0.0247436	1.10389
662	0.00298113	0.000463274	0.024539	1.09476
663	0.00300271	0.000466628	0.0247166	1.10269
664	0.00300417	0.000466853	0.0247286	1.10322
665	0.00300423	0.000466864	0.0247291	1.10325
666	0.00300848	0.000467523	0.0247641	1.1048
667	0.00299667	0.000465688	0.0246668	1.10047
668	0.00298075	0.000463215	0.0245358	1.09462
669	0.00298779	0.000464309	0.0245938	1.09721
670	0.00299868	0.000466	0.0246834	1.10121
671	0.00298952	0.000464578	0.024608	1.09784
672	0.00299809	0.000465908	0.0246785	1.10099
673	0.00298994	0.000464642	0.0246114	1.098
674	0.0029975	0.000465817	0.0246737	1.10077
675	0.00299736	0.000465796	0.0246726	1.10072
676	0.00299525	0.000465468	0.0246552	1.09995
677	0.00301352	0.000468307	0.0248056	1.10666
678	0.00299946	0.000466122	0.0246898	1.10149
679	0.00301279	0.000468193	0.0247996	1.10639
680	0.00299642	0.00046565	0.0246648	1.10038
681	0.00298727	0.000464228	0.0245895	1.09702
682	0.0029909	0.000464792	0.0246194	1.09835
683	0.00300264	0.000466616	0.024716	1.10266
684	0.00298797	0.000464336	0.0245953	1.09727
685	0.0029947	0.000465382	0.0246506	1.09974
686	0.00299032	0.000464701	0.0246146	1.09814
687	0.00298645	0.0004641	0.0245827	1.09672
688	0.00298614	0.000464053	0.0245802	1.0966
689	0.00299432	0.000465323	0.0246475	1.09961
690	0.00298376	0.000463681	0.0245606	1.09573
691	0.00299363	0.000465216	0.0246419	1.09935
692	0.00300002	0.000466208	0.0246944	1.1017
693	0.00298486	0.000463853	0.0245696	1.09613
694	0.0029976	0.000465833	0.0246745	1.10081
695	0.00298486	0.000463852	0.0245696	1.09613
696	0.00297723	0.000462667	0.0245068	1.09333
697	0.00298476	0.000463837	0.0245688	1.09609
698	0.0029832	0.000463595	0.024556	1.09552
699	0.00296797	0.000461229	0.0244306	1.08993
700	0.00297678	0.000462598	0.0245032	1.09317
701	0.00298796	0.000464335	0.0245952	1.09727
702	0.00298579	0.000463998	0.0245773	1.09647
703	0.00298365	0.000463665	0.0245597	1.09569
704	0.00296469	0.000460719	0.0244037	1.08873
705	0.00299902	0.000466053	0.0246862	1.10133
706	0.00298755	0.000464271	0.0245918	1.09712
707	0.00296708	0.000461089	0.0244233	1.0896
708	0.00300429	0.000466873	0.0247296	1.10327
709	0.00298814	0.000464362	0.0245966	1.09734
710	0.00298396	0.000463714	0.0245623	1.0958
711	0.0029975	0.000465816	0.0246737	1.10077
712	0.00298068	0.000463204	0.0245353	1.0946
713	0.00298196	0.000463403	0.0245458	1.09507
714	0.00299929	0.000466095	0.0246884	1.10143
715	0.00297951	0.000463022	0.0245256	1.09417
716	0.00298638	0.00046409	0.0245822	1.09669
717	0.00298148	0.000463328	0.0245418	1.09489
718	0.00301338	0.000468285	0.0248044	1.10661
719	0.00299294	0.000465108	0.0246361	1.0991
720	0.00299163	0.000464905	0.0246254	1.09862
721	0.00297674	0.000462591	0.0245028	1.09315
722	0.00297101	0.000461701	0.0244557	1.09105
723	0.00297626	0.000462517	0.0244989	1.09298
724	0.00297467	0.00046227	0.0244858	1.09239
725	0.00299584	0.00046556	0.0246601	1.10017
726	0.00297254	0.000461938	0.0244682	1.09161
727	0.00298607	0.00046404	0.0245796	1.09657
728	0.00298593	0.000464019	0.0245785	1.09653
729	0.00298189	0.000463391	0.0245452	1.09504
730	0.00299087	0.000464787	0.0246191	1.09834
731	0.00300146	0.000466433	0.0247063	1.10223
732	0.00299186	0.000464941	0.0246273	1.0987
733	0.00298134	0.000463306	0.0245407	1.09484
734	0.00299736	0.000465795	0.0246725	1.10072
735	0.00297806	0.000462797	0.0245137	1.09364
736	0.00298668	0.000464136	0.0245847	1.0968
737	0.00297067	0.000461647	0.0244528	1.09092
738	0.00298952	0.000464577	0.024608	1.09784
739	0.00296691	0.000461063	0.0244219	1.08954
740	0.00300333	0.000466724	0.0247217	1.10292
741	0.00297043	0.000461611	0.0244509	1.09083
742	0.00299836	0.000465951	0.0246808	1.10109
743	0.00296421	0.000460644	0.0243997	1.08855
744	0.00297907	0.000462952	0.024522	1.094
745	0.00297788	0.000462768	0.0245122	1.09357
746	0.00298804	0.000464347	0.0245958	1.0973
747	0.00296718	0.000461106	0.0244241	1.08964
748	0.00297684	0.000462607	0.0245037	1.09319
749	0.00297926	0.000462983	0.0245236	1.09408
750	0.00297495	0.000462313	0.0244881	1.09249
751	0.0029802	0.000463129	0.0245313	1.09442
752	0.00298351	0.000463643	0.0245585	1.09564
753	0.00299522	0.000465463	0.024655	1.09994
754	0.00299342	0.000465183	0.0246401	1.09928
755	0.002982	0.000463408	0.0245461	1.09508
756	0.00298185	0.000463385	0.0245449	1.09503
757	0.00298227	0.000463451	0.0245484	1.09518
758	0.00297978	0.000463064	0.0245279	1.09427
759	0.00299049	0.000464727	0.024616	1.0982
760	0.00298196	0.000463402	0.0245457	1.09507
761	0.00296946	0.00046146	0.0244429	1.09048
762	0.0029987	0.000466004	0.0246836	1.10122
763	0.00297229	0.0004619	0.0244662	1.09152
764	0.00298514	0.000463896	0.0245719	1.09623
765	0.00298907	0.000464507	0.0246043	1.09768
766	0.00296949	0.000461465	0.0244432	1.09049
767	0.00298027	0.000463139	0.0245318	1.09445
768	0.00299066	0.000464754	0.0246174	1.09826
769	0.00298624	0.000464067	0.024581	1.09664
770	0.00298162	0.000463349	0.0245429	1.09494
771	0.00297522	0.000462355	0.0244903	1.09259
772	0.00299694	0.00046573	0.0246691	1.10057
773	0.00299032	0.000464701	0.0246146	1.09814
774	0.00298528	0.000463918	0.0245731	1.09628
775	0.00298862	0.000464438	0.0246006	1.09751
776	0.00297871	0.000462898	0.0245191	1.09387
777	0.00298925	0.000464534	0.0246057	1.09774
778	0.00296055	0.000460076	0.0243696	1.08721
779	0.00296908	0.0004614	0.0244397	1.09034
780	0.00296932	0.000461438	0.0244417	1.09043
781	0.00296608	0.000460934	0.024415	1.08923
782	0.00299018	0.00046468	0.0246134	1.09809
783	0.00298268	0.000463514	0.0245517	1.09533
784	0.00296418	0.000460639	0.0243994	1.08854
785	0.00297638	0.000462534	0.0244998	1.09302
786	0.00299325	0.000465157	0.0246387	1.09921
787	0.00298365	0.000463665	0.0245597	1.09569
788	0.00297246	0.000461926	0.0244676	1.09158
789	0.00299708	0.000465752	0.0246702	1.10062
790	0.00299898	0.000466048	0.0246859	1.10132
791	0.00297757	0.00046272	0.0245097	1.09346
792	0.00299277	0.000465082	0.0246348	1.09904
793	0.002986	0.000464029	0.024579	1.09655
794	0.00297944	0.00046301	0.024525	1.09414
795	0.00297467	0.00046227	0.0244858	1.09239
796	0.00299411	0.00046529	0.0246458	1.09953
797	0.00297543	0.000462388	0.0244921	1.09267
798	0.00298092	0.000463241	0.0245372	1.09468
799	0.00298986	0.00046463	0.0246108	1.09797
800	0.00296245	0.000460371	0.0243852	1.0879
801	0.0029785	0.000462865	0.0245173	1.0938
802	0.00296424	0.000460649	0.0243999	1.08856
803	0.00296027	0.000460032	0.0243673	1.0871
804	0.00299207	0.000464973	0.024629	1.09878
805	0.00297795	0.000462779	0.0245128	1.09359
806	0.00297156	0.000461786	0.0244602	1.09125
807	0.00296766	0.000461181	0.0244281	1.08982
808	0.00297992	0.000463085	0.024529	1.09432
809	0.002987	0.000464185	0.0245872	1.09692
810	0.00298596	0.000464024	0.0245787	1.09654
811	0.00298462	0.000463815	0.0245677	1.09604
812	0.00297543	0.000462387	0.024492	1.09267
813	0.002986	0.00046403	0.024579	1.09655
814	0.00297681	0.000462602	0.0245034	1.09318
815	0.00294929	0.000458326	0.0242769	1.08307
816	0.00297744	0.000462699	0.0245085	1.09341
817	0.00298596	0.000464024	0.0245787	1.09654
818	0.0029842	0.000463751	0.0245643	1.09589
819	0.00298023	0.000463134	0.0245316	1.09443
820	0.00297002	0.000461546	0.0244475	1.09068
821	0.00298814	0.000464363	0.0245967	1.09734
822	0.00299467	0.000465377	0.0246504	1.09973
823	0.00297771	0.000462742	0.0245108	1.09351
824	0.00298161	0.000463348	0.0245429	1.09494
825	0.00298047	0.000463171	0.0245335	1.09452
826	0.00295986	0.000459969	0.0243639	1.08695
827	0.00298238	0.000463467	0.0245492	1.09522
828	0.0029955	0.000465506	0.0246572	1.10004
829	0.0029695	0.000461465	0.0244432	1.09049
830	0.00298444	0.000463788	0.0245662	1.09598
831	0.00298734	0.000464239	0.0245901	1.09704
832	0.00297156	0.000461786	0.0244602	1.09125
833	0.00298141	0.000463316	0.0245412	1.09486
834	0.00296594	0.000460913	0.0244139	1.08919
835	0.00297212	0.000461873	0.0244648	1.09145
836	0.00296318	0.000460483	0.0243912	1.08817
837	0.00295994	0.00045998	0.0243645	1.08698
838	0.00297173	0.000461813	0.0244616	1.09131
839	0.00296625	0.00046096	0.0244164	1.0893
840	0.00297502	0.000462324	0.0244886	1.09252
841	0.00295082	0.000458563	0.0242895	1.08363
842	0.00296187	0.00046028	0.0243804	1.08769
843	0.0029524	0.000458809	0.0243025	1.08421
844	0.00296362	0.000460553	0.0243948	1.08833
845	0.00296176	0.000460263	0.0243795	1.08765
846	0.00297567	0.000462425	0.024494	1.09276
847	0.00295523	0.000459249	0.0243258	1.08525
848	0.00298545	0.000463945	0.0245745	1.09635
849	0.00297685	0.000462608	0.0245037	1.09319
850	0.00297136	0.000461755	0.0244585	1.09117
851	0.00296766	0.000461181	0.0244281	1.08982
852	0.00297191	0.000461841	0.0244631	1.09138
853	0.00297071	0.000461653	0.0244531	1.09093
854	0.00296218	0.000460328	0.0243829	1.0878
855	0.00296573	0.000460881	0.0244122	1.08911
856	0.0029726	0.000461948	0.0244687	1.09163
857	0.0029793	0.000462988	0.0245239	1.09409
858	0.00297329	0.000462055	0.0244744	1.09188
859	0.00297139	0.00046176	0.0244588	1.09119
860	0.00295927	0.000459877	0.024359	1.08674
861	0.0029522	0.000458777	0.0243008	1.08414
862	0.00298013	0.000463119	0.0245308	1.0944
863	0.00297201	0.000461856	0.0244639	1.09141
864	0.00298561	0.00046397	0.0245759	1.09641
865	0.00297853	0.00046287	0.0245176	1.09381
866	0.00295043	0.000458503	0.0242863	1.08349
867	0.00297547	0.000462394	0.0244924	1.09268
868	0.00296811	0.000461251	0.0244318	1.08998
869	0.00295755	0.000459608	0.0243448	1.0861
870	0.00296436	0.000460667	0.0244009	1.0886
871	0.00295879	0.000459801	0.024355	1.08656
872	0.002959	0.000459834	0.0243568	1.08663
873	0.00296659	0.000461014	0.0244193	1.08942
874	0.00296462	0.000460708	0.0244031	1.0887
875	0.00295313	0.000458921	0.0243084	1.08448
876	0.00296908	0.0004614	0.0244397	1.09034
877	0.00297744	0.0004627	0.0245086	1.09341
878	0.00297533	0.000462372	0.0244912	1.09263
879	0.00295037	0.000458493	0.0242857	1.08347
880	0.00296566	0.000460869	0.0244116	1.08908
881	0.00297125	0.000461738	0.0244576	1.09113
882	0.00296238	0.00046036	0.0243846	1.08788
883	0.00296943	0.000461454	0.0244426	1.09046
884	0.00297198	0.000461851	0.0244636	1.0914
885	0.00295858	0.00045977	0.0243534	1.08648
886	0.00296269	0.000460408	0.0243872	1.08799
887	0.00297875	0.000462903	0.0245193	1.09389
888	0.00296691	0.000461063	0.0244219	1.08954
889	0.00296031	0.000460038	0.0243676	1.08712
890	0.00296995	0.000461536	0.0244469	1.09066
891	0.00296832	0.000461283	0.0244335	1.09006
892	0.00296852	0.000461314	0.0244352	1.09013
893	0.00295382	0.000459029	0.0243141	1.08473
894	0.00296757	0.000461165	0.0244273	1.08978
895	0.00297215	0.000461878	0.024465	1.09147
896	0.00296753	0.000461159	0.024427	1.08977
897	0.00295868	0.000459785	0.0243542	1.08652
898	0.00295417	0.000459084	0.024317	1.08486
899	0.00297537	0.000462377	0.0244915	1.09265
900	0.00295606	0.000459377	0.0243326	1.08556
901	0.00295776	0.000459641	0.0243466	1.08618
902	0.00298072	0.000463209	0.0245355	1.09461
903	0.00297879	0.000462909	0.0245196	1.0939
904	0.00296683	0.000461052	0.0244213	1.08951
905	0.00297595	0.000462469	0.0244963	1.09286
906	0.00298182	0.000463381	0.0245446	1.09502
907	0.00297881	0.000462913	0.0245199	1.09391
908	0.0029707	0.000461653	0.0244531	1.09093
909	0.00296683	0.000461051	0.0244213	1.08951
910	0.00299757	0.000465828	0.0246743	1.1008
911	0.00296698	0.000461074	0.0244224	1.08956
912	0.0029832	0.000463594	0.0245559	1.09552
913	0.0029698	0.000461513	0.0244457	1.0906
914	0.00295989	0.000459973	0.0243641	1.08696
915	0.00294515	0.000457682	0.0242428	1.08155
916	0.00296597	0.000460918	0.0244142	1.0892
917	0.00297153	0.000461782	0.02446	1.09124
918	0.00297646	0.000462548	0.0245005	1.09305
919	0.00296621	0.000460955	0.0244161	1.08928
920	0.00296425	0.00046065	0.0244	1.08856
921	0.00297049	0.000461621	0.0244514	1.09086
922	0.00296383	0.000460585	0.0243966	1.08841
923	0.00298016	0.000463123	0.024531	1.09441
924	0.00293766	0.000456517	0.0241811	1.0788
925	0.00295817	0.000459705	0.0243499	1.08633
926	0.00296655	0.000461008	0.024419	1.08941
927	0.00296145	0.000460215	0.0243769	1.08753
928	0.0029389	0.000456711	0.0241914	1.07926
929	0.00296162	0.000460242	0.0243784	1.0876
930	0.00295517	0.000459239	0.0243252	1.08523
931	0.00296532	0.000460816	0.0244088	1.08895
932	0.00297018	0.000461572	0.0244488	1.09074
933	0.00295688	0.000459505	0.0243394	1.08586
934	0.00298907	0.000464506	0.0246043	1.09768
935	0.00296228	0.000460344	0.0243838	1.08784
936	0.00298164	0.000463353	0.0245432	1.09495
937	0.00296655	0.000461008	0.024419	1.08941
938	0.00295706	0.000459532	0.0243408	1.08592
939	0.00294947	0.000458353	0.0242783	1.08314
940	0.00296141	0.000460209	0.0243766	1.08752
941	0.0029532	0.000458932	0.024309	1.0845
942	0.00296583	0.000460896	0.024413	1.08915
943	0.00296324	0.000460493	0.0243917	1.08819
944	0.00295972	0.000459946	0.0243627	1.0869
945	0.00297098	0.000461696	0.0244554	1.09103
946	0.00293931	0.000456775	0.0241947	1.07941
947	0.00296238	0.00046036	0.0243846	1.08788
948	0.00297326	0.00046205	0.0244741	1.09187
949	0.00296511	0.000460783	0.024407	1.08888
950	0.00297581	0.000462447	0.0244952	1.09281
951	0.00295306	0.000458911	0.0243079	1.08445
952	0.00296928	0.000461432	0.0244414	1.09041
953	0.0029679	0.000461218	0.0244301	1.0899
954	0.00295748	0.000459598	0.0243443	1.08608
955	0.00296942	0.000461454	0.0244426	1.09046
956	0.00296293	0.000460445	0.0243891	1.08808
957	0.00298065	0.000463198	0.024535	1.09458
958	0.00294712	0.000457988	0.024259	1.08227
959	0.00296028	0.000460033	0.0243673	1.0871
960	0.00294788	0.000458107	0.0242653	1.08255
961	0.00296956	0.000461476	0.0244437	1.09051
962	0.00297971	0.000463053	0.0245273	1.09424
963	0.00297653	0.000462559	0.0245011	1.09307
964	0.00297626	0.000462516	0.0244988	1.09297
965	0.00296811	0.00046125	0.0244318	1.08998
966	0.00297177	0.000461818	0.0244619	1.09132
967	0.00297229	0.0004619	0.0244662	1.09152
968	0.00295375	0.000459018	0.0243135	1.08471
969	0.00295685	0.0004595	0.0243391	1.08585
970	0.00295289	0.000458884	0.0243065	1.08439
971	0.00294857	0.000458214	0.024271	1.08281
972	0.00295827	0.000459721	0.0243508	1.08637
973	0.00295105	0.000458599	0.0242914	1.08372
974	0.00294343	0.000457414	0.0242286	1.08092
975	0.00296994	0.000461535	0.0244469	1.09065
976	0.00295213	0.000458766	0.0243002	1.08411
977	0.0029531	0.000458917	0.0243082	1.08447
978	0.00295203	0.00045875	0.0242994	1.08407
979	0.00295589	0.000459351	0.0243312	1.08549
980	0.00296003	0.000459994	0.0243653	1.08701
981	0.00294546	0.00045773	0.0242454	1.08166
982	0.00296856	0.00046132	0.0244355	1.09015
983	0.00297229	0.0004619	0.0244662	1.09152
984	0.00296814	0.000461255	0.024432	1.08999
985	0.00295752	0.000459604	0.0243446	1.08609
986	0.00297892	0.000462929	0.0245207	1.09395
987	0.00295541	0.000459276	0.0243272	1.08532
988	0.00295537	0.00045927	0.0243269	1.0853
989	0.00294822	0.000458159	0.0242681	1.08268
990	0.00295965	0.000459936	0.0243622	1.08687
991	0.00295993	0.000459978	0.0243644	1.08698
992	0.00295955	0.000459919	0.0243613	1.08684
993	0.00295672	0.00045948	0.024338	1.0858
994	0.00294881	0.00045825	0.0242729	1.08289
995	0.00296383	0.000460585	0.0243966	1.08841
996	0.00294498	0.000457656	0.0242414	1.08149
997	0.00294833	0.000458176	0.0242689	1.08272
998	0.00297612	0.000462494	0.0244977	1.09292
999	0.00295865	0.00045978	0.0243539	1.08651
1000	0.00295765	0.000459624	0.0243457	1.08614
1001	0.002967	0.000461078	0.0244227	1.08957
1002	0.00294709	0.000457984	0.0242588	1.08226
1003	0.00295433	0.000459109	0.0243183	1.08492
1004	0.00295468	0.000459163	0.0243212	1.08505
1005	0.00295212	0.000458766	0.0243002	1.08411
1006	0.00297118	0.000461728	0.0244571	1.09111
1007	0.0029571	0.000459539	0.0243411	1.08594
1008	0.00295399	0.000459056	0.0243155	1.0848
1009	0.00294857	0.000458213	0.0242709	1.0828
1010	0.00297011	0.000461561	0.0244482	1.09072
1011	0.00297177	0.000461819	0.0244619	1.09132
1012	0.00294691	0.000457955	0.0242573	1.0822
1013	0.00294595	0.000457806	0.0242493	1.08184
1014	0.00295199	0.000458744	0.0242991	1.08406
1015	0.00296435	0.000460666	0.0244008	1.0886
1016	0.00295748	0.000459598	0.0243443	1.08608
1017	0.00294722	0.000458004	0.0242598	1.08231
1018	0.00294097	0.000457033	0.0242084	1.08002
1019	0.0029551	0.000459228	0.0243247	1.0852
1020	0.00295147	0.000458664	0.0242948	1.08387
1021	0.00295057	0.000458524	0.0242874	1.08354
1022	0.00294311	0.000457365	0.024226	1.0808
1023	0.00294899	0.000458278	0.0242744	1.08296
1024	0.00295198	0.000458744	0.024299	1.08406
1025	0.00294816	0.000458149	0.0242675	1.08265
1026	0.00296566	0.00046087	0.0244116	1.08908
1027	0.00294712	0.000457988	0.024259	1.08227
1028	0.00295427	0.000459099	0.0243178	1.0849
1029	0.00295593	0.000459357	0.0243315	1.08551
1030	0.00297133	0.00046175	0.0244583	1.09116
1031	0.00295082	0.000458562	0.0242894	1.08363
1032	0.00296311	0.000460473	0.0243906	1.08814
1033	0.00294457	0.000457591	0.024238	1.08133
1034	0.00295492	0.000459201	0.0243232	1.08514
1035	0.00295965	0.000459936	0.0243622	1.08688
1036	0.00295896	0.000459828	0.0243564	1.08662
1037	0.00296404	0.000460617	0.0243982	1.08848
1038	0.00294667	0.000457918	0.0242553	1.08211
1039	0.00296145	0.000460214	0.0243769	1.08753
1040	0.00294008	0.000456894	0.0242011	1.07969
1041	0.00294867	0.000458229	0.0242717	1.08284
1042	0.00297336	0.000462065	0.024475	1.09191
1043	0.0029544	0.000459119	0.0243189	1.08495
1044	0.00296335	0.00046051	0.0243926	1.08823
1045	0.00295143	0.000458659	0.0242945	1.08386
1046	0.00295216	0.000458771	0.0243005	1.08412
1047	0.00294046	0.000456953	0.0242042	1.07983
1048	0.00296956	0.000461475	0.0244437	1.09051
1049	0.00294191	0.000457178	0.0242161	1.08036
1050	0.00294722	0.000458003	0.0242598	1.08231
1051	0.0029581	0.000459694	0.0243494	1.0863
1052	0.00296341	0.00046052	0.0243931	1.08826
1053	0.00293707	0.000456426	0.0241763	1.07858
1054	0.00296142	0.00046021	0.0243767	1.08752
1055	0.00295744	0.000459592	0.024344	1.08606
1056	0.00294042	0.000456947	0.0242039	1.07981
1057	0.00293811	0.000456587	0.0241848	1.07896
1058	0.00295761	0.000459619	0.0243454	1.08613
1059	0.00295538	0.000459271	0.024327	1.0853
1060	0.00293852	0.000456651	0.0241882	1.07911
1061	0.00295143	0.000458658	0.0242945	1.08385
1062	0.00296204	0.000460306	0.0243818	1.08775
1063	0.00296027	0.000460032	0.0243672	1.0871
1064	0.00295385	0.000459035	0.0243144	1.08475
1065	0.00294484	0.000457633	0.0242402	1.08143
1066	0.00296252	0.000460381	0.0243857	1.08793
1067	0.00294143	0.000457103	0.0242121	1.08018
1068	0.0029544	0.00045912	0.024319	1.08495
1069	0.00296268	0.000460407	0.0243871	1.08799
1070	0.00297129	0.000461744	0.0244579	1.09115
1071	0.00295389	0.00045904	0.0243147	1.08476
1072	0.00296445	0.000460682	0.0244017	1.08864
1073	0.00292975	0.000455289	0.024116	1.0759
1074	0.00293099	0.000455482	0.0241263	1.07635
1075	0.00295306	0.00045891	0.0243079	1.08445
1076	0.00295831	0.000459726	0.0243511	1.08638
1077	0.00294419	0.000457533	0.0242349	1.0812
1078	0.00295568	0.000459318	0.0243295	1.08542
1079	0.00295906	0.000459844	0.0243573	1.08666
1080	0.00294788	0.000458106	0.0242653	1.08255
1081	0.00294619	0.000457843	0.0242513	1.08193
1082	0.00294491	0.000457645	0.0242408	1.08146
1083	0.00295317	0.000458928	0.0243088	1.08449
1084	0.00296293	0.000460446	0.0243892	1.08808
1085	0.00294588	0.000457795	0.0242488	1.08182
1086	0.00296711	0.000461094	0.0244235	1.08961
1087	0.00296625	0.000460961	0.0244165	1.0893
1088	0.00295523	0.000459248	0.0243258	1.08525
1089	0.00295848	0.000459753	0.0243525	1.08644
1090	0.0029532	0.000458932	0.024309	1.0845
1091	0.00295378	0.000459023	0.0243138	1.08472
1092	0.00296007	0.00046	0.0243656	1.08703
1093	0.00295834	0.000459732	0.0243513	1.08639
1094	0.00295782	0.000459651	0.0243471	1.0862
1095	0.00297519	0.00046235	0.02449	1.09258
1096	0.00296276	0.000460419	0.0243877	1.08802
1097	0.00294964	0.00045838	0.0242797	1.0832
1098	0.00294284	0.000457323	0.0242238	1.0807
1099	0.00294374	0.000457462	0.0242311	1.08103
1100	0.00297347	0.000462082	0.0244759	1.09195
1101	0.00295982	0.000459962	0.0243636	1.08694
1102	0.00295299	0.0004589	0.0243073	1.08443
1103	0.00295061	0.00045853	0.0242877	1.08355
1104	0.00293587	0.000456239	0.0241664	1.07814
1105	0.00295648	0.000459442	0.024336	1.08571
1106	0.00294806	0.000458133	0.0242667	1.08262
1107	0.00293997	0.000456877	0.0242001	1.07965
1108	0.00294543	0.000457725	0.0242451	1.08165
1109	0.00295102	0.000458595	0.0242911	1.08371
1110	0.00296794	0.000461224	0.0244304	1.08992
1111	0.00294104	0.000457044	0.024209	1.08004
1112	0.0029492	0.000458311	0.0242761	1.08304
1113	0.00293327	0.000455836	0.024145	1.07719
1114	0.00295561	0.000459307	0.0243289	1.08539
1115	0.00295972	0.000459946	0.0243627	1.0869
1116	0.00294622	0.000457849	0.0242516	1.08194
1117	0.00295296	0.000458896	0.0243071	1.08442
1118	0.00296411	0.000460628	0.0243988	1.08851
1119	0.00296666	0.000461024	0.0244198	1.08945
1120	0.00295002	0.000458439	0.0242829	1.08334
1121	0.00294871	0.000458235	0.0242721	1.08286
1122	0.00295174	0.000458707	0.0242971	1.08397
1123	0.00295513	0.000459232	0.0243249	1.08521
1124	0.002964	0.000460612	0.024398	1.08847
1125	0.00296017	0.000460016	0.0243664	1.08706
1126	0.00295544	0.000459281	0.0243275	1.08533
1127	0.00296117	0.000460172	0.0243747	1.08743
1128	0.00293728	0.000456458	0.024178	1.07866
1129	0.00294902	0.000458283	0.0242746	1.08297
1130	0.00294868	0.00045823	0.0242718	1.08284
1131	0.0029427	0.000457301	0.0242226	1.08065
1132	0.00295754	0.000459608	0.0243448	1.0861
1133	0.00295392	0.000459045	0.024315	1.08477
1134	0.00294981	0.000458406	0.0242811	1.08326
1135	0.00296773	0.000461191	0.0244287	1.08984
1136	0.00294011	0.000456899	0.0242013	1.0797
1137	0.0029573	0.00045957	0.0243428	1.08601
1138	0.00296642	0.000460987	0.0244179	1.08936
1139	0.00295644	0.000459437	0.0243357	1.0857
1140	0.00293997	0.000456877	0.0242001	1.07965
1141	0.00296498	0.000460763	0.024406	1.08883
1142	0.00295292	0.000458889	0.0243067	1.0844
1143	0.00295799	0.000459678	0.0243485	1.08627
1144	0.00295634	0.000459421	0.0243349	1.08566
1145	0.00295655	0.000459453	0.0243366	1.08573
1146	0.00293586	0.000456238	0.0241663	1.07814
1147	0.00296559	0.000460859	0.0244111	1.08906
1148	0.00293928	0.00045677	0.0241945	1.07939
1149	0.00295672	0.000459479	0.024338	1.0858
1150	0.00296307	0.000460467	0.0243903	1.08813
1151	0.00295109	0.000458605	0.0242917	1.08373
1152	0.00293486	0.000456083	0.0241581	1.07777
1153	0.00294515	0.000457682	0.0242428	1.08155
1154	0.0029399	0.000456866	0.0241996	1.07962
1155	0.00295544	0.000459281	0.0243275	1.08533
1156	0.00293766	0.000456518	0.0241811	1.0788
1157	0.00295324	0.000458939	0.0243093	1.08452
1158	0.00294778	0.00045809	0.0242644	1.08251
1159	0.00294563	0.000457757	0.0242468	1.08173
1160	0.00295309	0.000458916	0.0243081	1.08447
1161	0.00294336	0.000457404	0.024228	1.08089
1162	0.00296311	0.000460473	0.0243906	1.08814
1163	0.00295371	0.000459013	0.0243133	1.08469
1164	0.00295503	0.000459217	0.0243241	1.08518
1165	0.00296369	0.000460564	0.0243954	1.08836
1166	0.00292792	0.000455004	0.0241009	1.07522
1167	0.00294722	0.000458004	0.0242598	1.08231
1168	0.00295499	0.000459211	0.0243238	1.08516
1169	0.00294957	0.000458369	0.0242792	1.08317
1170	0.00295692	0.000459511	0.0243397	1.08587
1171	0.00293998	0.000456878	0.0242002	1.07965
1172	0.00295237	0.000458805	0.0243023	1.0842
1173	0.00293455	0.000456035	0.0241555	1.07766
1174	0.00294163	0.000457135	0.0242138	1.08026
1175	0.00295537	0.00045927	0.0243269	1.0853
1176	0.00295855	0.000459764	0.0243531	1.08647
1177	0.0029545	0.000459135	0.0243198	1.08498
1178	0.00294757	0.000458058	0.0242627	1.08244
1179	0.00292644	0.000454775	0.0240888	1.07468
1180	0.00294088	0.000457018	0.0242076	1.07998
1181	0.00294947	0.000458353	0.0242783	1.08313
1182	0.00296597	0.000460918	0.0244142	1.0892
1183	0.00296369	0.000460564	0.0243954	1.08836
1184	0.00293383	0.000455923	0.0241496	1.07739
1185	0.00294743	0.000458036	0.0242616	1.08239
1186	0.00295323	0.000458938	0.0243093	1.08452
1187	0.00295203	0.000458751	0.0242994	1.08407
1188	0.0029705	0.000461621	0.0244514	1.09086
1189	0.00294253	0.000457275	0.0242212	1.08059
1190	0.00297333	0.000462061	0.0244747	1.0919
1191	0.00294781	0.000458095	0.0242647	1.08253
1192	0.00295789	0.000459661	0.0243476	1.08623
1193	0.00294671	0.000457924	0.0242556	1.08212
1194	0.00295965	0.000459936	0.0243622	1.08688
1195	0.00294084	0.000457012	0.0242073	1.07997
1196	0.00294273	0.000457306	0.0242229	1.08066
1197	0.00294495	0.00045765	0.0242411	1.08147
1198	0.00294481	0.000457629	0.02424	1.08142
1199	0.00295655	0.000459453	0.0243366	1.08573
1200	0.00294764	0.000458068	0.0242633	1.08246
1201	0.00294656	0.000457902	0.0242544	1.08207
1202	0.00295216	0.000458771	0.0243005	1.08412
1203	0.0029426	0.000457286	0.0242218	1.08061
1204	0.0029647	0.00046072	0.0244037	1.08873
1205	0.00294515	0.000457681	0.0242428	1.08155
1206	0.0029436	0.000457441	0.02423	1.08098
1207	0.00294018	0.000456909	0.0242019	1.07972
1208	0.00296407	0.000460623	0.0243986	1.0885
1209	0.0029436	0.000457441	0.02423	1.08098
1210	0.00294905	0.000458289	0.0242749	1.08298
1211	0.0029476	0.000458063	0.024263	1.08245
1212	0.00295992	0.000459978	0.0243644	1.08697
1213	0.00296262	0.000460397	0.0243866	1.08796
1214	0.00293949	0.000456802	0.0241962	1.07947
1215	0.00293576	0.000456223	0.0241655	1.0781
1216	0.00294564	0.000457757	0.0242468	1.08173
1217	0.00293839	0.000456632	0.0241871	1.07907
1218	0.00295243	0.000458813	0.0243027	1.08422
1219	0.00295799	0.000459678	0.0243485	1.08627
1220	0.00294991	0.000458422	0.024282	1.0833
1221	0.00295413	0.000459077	0.0243167	1.08485
1222	0.00294298	0.000457344	0.0242249	1.08075
1223	0.00294256	0.000457279	0.0242215	1.0806
1224	0.00294315	0.000457371	0.0242263	1.08081
1225	0.0029302	0.000455358	0.0241197	1.07606
1226	0.00296431	0.000460659	0.0244005	1.08858
1227	0.00293401	0.00045595	0.024151	1.07746
1228	0.00293766	0.000456518	0.0241811	1.0788
1229	0.00295172	0.000458703	0.0242968	1.08396
1230	0.00295513	0.000459233	0.0243249	1.08521
1231	0.00295388	0.000459039	0.0243147	1.08476
1232	0.00295851	0.000459759	0.0243528	1.08646
1233	0.00294077	0.000457002	0.0242067	1.07994
1234	0.00293572	0.000456217	0.0241652	1.07809
1235	0.00294667	0.000457919	0.0242553	1.08211
1236	0.00293562	0.000456201	0.0241644	1.07805
1237	0.00294215	0.000457215	0.0242181	1.08045
1238	0.0029562	0.0004594	0.0243338	1.08561
1239	0.00294122	0.000457071	0.0242104	1.08011
1240	0.00294228	0.000457236	0.0242192	1.0805
1241	0.00297202	0.000461857	0.0244639	1.09142
1242	0.00294539	0.00045772	0.0242448	1.08164
1243	0.00294584	0.000457789	0.0242485	1.0818
1244	0.00295613	0.000459388	0.0243332	1.08558
1245	0.00293542	0.00045617	0.0241627	1.07798
1246	0.00292758	0.000454951	0.0240982	1.0751
1247	0.00293187	0.000455618	0.0241335	1.07667
1248	0.0029204	0.000453836	0.0240391	1.07246
1249	0.00294056	0.000456968	0.024205	1.07986
1250	0.00295689	0.000459507	0.0243394	1.08586
1251	0.00294508	0.000457672	0.0242422	1.08153
1252	0.00294381	0.000457473	0.0242317	1.08106
1253	0.00293151	0.000455563	0.0241305	1.07654
1254	0.00294012	0.000456899	0.0242013	1.0797
1255	0.00295212	0.000458765	0.0243001	1.08411
1256	0.00294233	0.000457243	0.0242195	1.08051
1257	0.00294529	0.000457703	0.0242439	1.0816
1258	0.00293694	0.000456406	0.0241752	1.07853
1259	0.00293814	0.000456593	0.0241851	1.07898
1260	0.00295596	0.000459362	0.0243318	1.08552
1261	0.00293922	0.00045676	0.024194	1.07937
1262	0.00292924	0.000455209	0.0241118	1.0757
1263	0.00294232	0.000457243	0.0242195	1.08051
1264	0.0029697	0.000461496	0.0244448	1.09056
1265	0.00294688	0.00045795	0.024257	1.08218
1266	0.00296366	0.000460558	0.0243951	1.08835
1267	0.00294723	0.000458004	0.0242599	1.08231
1268	0.00296553	0.000460849	0.0244105	1.08903
1269	0.00294477	0.000457623	0.0242396	1.08141
1270	0.00293041	0.000455391	0.0241214	1.07613
1271	0.00294877	0.000458245	0.0242726	1.08288
1272	0.00294964	0.00045838	0.0242798	1.0832
1273	0.00293848	0.000456646	0.0241879	1.0791
1274	0.00293969	0.000456834	0.0241978	1.07954
1275	0.00294802	0.000458128	0.0242664	1.0826
1276	0.00294373	0.000457462	0.0242311	1.08103
1277	0.00294744	0.000458037	0.0242616	1.08239
1278	0.00294764	0.000458068	0.0242632	1.08246
1279	0.00293862	0.000456668	0.0241891	1.07915
1280	0.00293952	0.000456808	0.0241965	1.07948
1281	0.00293598	0.000456256	0.0241673	1.07818
1282	0.00293303	0.000455799	0.024143	1.0771
1283	0.00293438	0.000456008	0.0241541	1.07759
1284	0.00293555	0.000456191	0.0241638	1.07802
1285	0.00293193	0.000455627	0.0241339	1.07669
1286	0.0029512	0.000458622	0.0242926	1.08377
1287	0.00292934	0.000455225	0.0241126	1.07574
1288	0.00294415	0.000457527	0.0242346	1.08118
1289	0.00295336	0.000458958	0.0243104	1.08457
1290	0.00295399	0.000459056	0.0243155	1.0848
1291	0.00295009	0.000458449	0.0242834	1.08336
1292	0.00293573	0.000456218	0.0241652	1.07809
1293	0.00295026	0.000458477	0.0242849	1.08343
1294	0.00294509	0.000457672	0.0242423	1.08153
1295	0.00293052	0.000455408	0.0241223	1.07618
1296	0.00294946	0.000458352	0.0242783	1.08313
1297	0.00292809	0.000455031	0.0241024	1.07528
1298	0.0029312	0.000455514	0.024128	1.07643
1299	0.00294785	0.000458101	0.024265	1.08254
1300	0.00293331	0.000455842	0.0241453	1.0772
1301	0.00292807	0.000455027	0.0241022	1.07528
1302	0.00291618	0.00045318	0.0240043	1.07091
1303	0.00293572	0.000456217	0.0241652	1.07809
1304	0.00293003	0.000455333	0.0241184	1.076
1305	0.00295247	0.00045882	0.0243031	1.08424
1306	0.00294318	0.000457376	0.0242266	1.08083
1307	0.00294094	0.000457028	0.0242081	1.08
1308	0.00295727	0.000459565	0.0243425	1.086
1309	0.00293541	0.000456169	0.0241626	1.07797
1310	0.00294142	0.000457103	0.0242121	1.08018
1311	0.00294287	0.000457328	0.024224	1.08071
1312	0.00293569	0.000456212	0.0241649	1.07808
1313	0.00294912	0.000458299	0.0242755	1.08301
1314	0.00292505	0.000454559	0.0240774	1.07417
1315	0.00293756	0.000456502	0.0241803	1.07876
1316	0.0029389	0.000456711	0.0241914	1.07925
1317	0.0029467	0.000457922	0.0242555	1.08212
1318	0.00294784	0.0004581	0.0242649	1.08254
1319	0.00293835	0.000456625	0.0241868	1.07905
1320	0.00292751	0.00045494	0.0240975	1.07507
1321	0.00293763	0.000456513	0.0241808	1.07879
1322	0.00297028	0.000461588	0.0244497	1.09078
1323	0.00293862	0.000456668	0.0241891	1.07915
1324	0.00294128	0.00045708	0.0242109	1.08013
1325	0.00294411	0.000457521	0.0242343	1.08117
1326	0.00294201	0.000457195	0.024217	1.0804
1327	0.00293296	0.000455787	0.0241424	1.07707
1328	0.00294504	0.000457665	0.0242419	1.08151
1329	0.00296013	0.00046001	0.0243661	1.08705
1330	0.00293797	0.000456566	0.0241837	1.07891
1331	0.0029437	0.000457457	0.0242309	1.08102
1332	0.00295665	0.000459469	0.0243374	1.08577
1333	0.00292022	0.000453808	0.0240376	1.07239
1334	0.00296473	0.000460724	0.0244039	1.08874
1335	0.00293949	0.000456802	0.0241962	1.07947
1336	0.00292772	0.000454973	0.0240993	1.07515
1337	0.00294609	0.000457827	0.0242505	1.08189
1338	0.00292378	0.000454361	0.0240669	1.0737
1339	0.00292948	0.000455246	0.0241138	1.07579
1340	0.0029467	0.000457924	0.0242556	1.08212
1341	0.00294719	0.000457999	0.0242596	1.0823
1342	0.00293721	0.000456449	0.0241775	1.07863
1343	0.00293273	0.000455751	0.0241405	1.07699
1344	0.00293469	0.000456057	0.0241567	1.07771
1345	0.00293203	0.000455643	0.0241348	1.07673
1346	0.00294087	0.000457016	0.0242075	1.07998
1347	0.00292575	0.000454667	0.0240831	1.07443
1348	0.00294035	0.000456937	0.0242033	1.07979
1349	0.00293725	0.000456454	0.0241777	1.07865
1350	0.00291643	0.000453218	0.0240063	1.071
1351	0.00296183	0.000460274	0.0243801	1.08767
1352	0.00294774	0.000458085	0.0242641	1.0825
1353	0.00296317	0.000460483	0.0243911	1.08817
1354	0.00293791	0.000456556	0.0241832	1.07889
1355	0.00295465	0.000459158	0.0243209	1.08504
1356	0.00295631	0.000459416	0.0243346	1.08565
1357	0.00293856	0.000456658	0.0241885	1.07913
1358	0.00294218	0.000457221	0.0242184	1.08046
1359	0.00295368	0.000459008	0.024313	1.08468
1360	0.00292941	0.000455236	0.0241132	1.07577
1361	0.00293366	0.000455896	0.0241482	1.07733
1362	0.00293704	0.000456421	0.024176	1.07857
1363	0.00293928	0.000456769	0.0241944	1.07939
1364	0.00294049	0.000456958	0.0242044	1.07984
1365	0.00294781	0.000458095	0.0242647	1.08253
1366	0.00293901	0.000456727	0.0241922	1.07929
1367	0.00293262	0.000455735	0.0241396	1.07695
1368	0.00294846	0.000458197	0.0242701	1.08277
1369	0.0029486	0.000458219	0.0242712	1.08282
1370	0.00293479	0.000456073	0.0241575	1.07775
1371	0.00294146	0.000457109	0.0242124	1.08019
1372	0.00293946	0.000456798	0.024196	1.07946
1373	0.00295092	0.000458579	0.0242903	1.08367
1374	0.00292005	0.000453782	0.0240362	1.07233
1375	0.00294484	0.000457635	0.0242403	1.08144
1376	0.00292934	0.000455225	0.0241126	1.07574
1377	0.00293483	0.000456078	0.0241578	1.07776
1378	0.00294284	0.000457323	0.0242238	1.0807
1379	0.00293389	0.000455933	0.0241501	1.07742
1380	0.00293196	0.000455632	0.0241342	1.07671
1381	0.00294136	0.000457093	0.0242116	1.08016
1382	0.00293176	0.000455601	0.0241326	1.07663
1383	0.00293138	0.000455542	0.0241294	1.07649
1384	0.0029436	0.00045744	0.02423	1.08098
1385	0.00294488	0.00045764	0.0242406	1.08145
1386	0.00294426	0.000457543	0.0242354	1.08122
1387	0.00293842	0.000456636	0.0241874	1.07908
1388	0.00293949	0.000456803	0.0241962	1.07947
1389	0.00295043	0.000458503	0.0242863	1.08349
1390	0.0029242	0.000454426	0.0240703	1.07385
1391	0.00294643	0.000457881	0.0242533	1.08202
1392	0.0029292	0.000455204	0.0241115	1.07569
1393	0.00294211	0.000457209	0.0242178	1.08043
1394	0.00295075	0.000458551	0.0242888	1.0836
1395	0.00292482	0.000454522	0.0240754	1.07408
1396	0.002953	0.000458901	0.0243074	1.08443
1397	0.00292102	0.000453932	0.0240441	1.07269
1398	0.00294639	0.000457875	0.024253	1.082
1399	0.00294557	0.000457747	0.0242462	1.0817
1400	0.00293838	0.00045663	0.0241871	1.07906
1401	0.00293825	0.000456609	0.024186	1.07901
1402	0.00293082	0.000455455	0.0241248	1.07629
1403	0.00295354	0.000458986	0.0243118	1.08463
1404	0.00293193	0.000455628	0.024134	1.07669
1405	0.0029493	0.000458326	0.0242769	1.08307
1406	0.00292844	0.000455085	0.0241052	1.07541
1407	0.00292305	0.000454248	0.0240609	1.07343
1408	0.00292982	0.0004553	0.0241166	1.07592
1409	0.00292696	0.000454855	0.024093	1.07487
1410	0.00293482	0.000456077	0.0241578	1.07776
1411	0.0029584	0.000459742	0.0243519	1.08642
1412	0.00293894	0.000456716	0.0241916	1.07927
1413	0.0029474	0.000458031	0.0242613	1.08237
1414	0.00290589	0.000451581	0.0239196	1.06713
1415	0.00293901	0.000456728	0.0241922	1.07929
1416	0.0029366	0.000456353	0.0241724	1.07841
1417	0.00295113	0.000458611	0.024292	1.08374
1418	0.00294437	0.00045756	0.0242363	1.08126
1419	0.00295347	0.000458975	0.0243113	1.08461
1420	0.00293507	0.000456115	0.0241598	1.07785
1421	0.00293541	0.000456169	0.0241626	1.07797
1422	0.00293324	0.000455831	0.0241447	1.07718
1423	0.00294035	0.000456936	0.0242033	1.07979
1424	0.0029428	0.000457317	0.0242235	1.08069
1425	0.00293946	0.000456797	0.0241959	1.07946
1426	0.00292429	0.000454441	0.0240711	1.07389
1427	0.00292161	0.000454024	0.024049	1.0729
1428	0.00293821	0.000456604	0.0241857	1.079
1429	0.00294152	0.000457119	0.0242129	1.08022
1430	0.00291764	0.000453407	0.0240163	1.07145
1431	0.00293607	0.000456271	0.024168	1.07821
1432	0.00294872	0.000458236	0.0242721	1.08286
1433	0.00295344	0.00045897	0.024311	1.08459
1434	0.0029262	0.000454737	0.0240868	1.07459
1435	0.00292281	0.000454211	0.0240589	1.07335
1436	0.0029389	0.000456711	0.0241913	1.07925
1437	0.00294139	0.000457097	0.0242118	1.08017
1438	0.00294833	0.000458176	0.024269	1.08272
1439	0.00292772	0.000454973	0.0240993	1.07515
1440	0.00292906	0.000455182	0.0241104	1.07564
1441	0.00294615	0.000457838	0.024251	1.08192
1442	0.00295693	0.000459512	0.0243397	1.08587
1443	0.00293859	0.000456662	0.0241888	1.07914
1444	0.002937	0.000456416	0.0241757	1.07856
1445	0.00292999	0.000455326	0.024118	1.07598
1446	0.00293362	0.00045589	0.0241479	1.07731
1447	0.00294229	0.000457237	0.0242192	1.0805
1448	0.00295171	0.000458702	0.0242968	1.08396
1449	0.00293749	0.000456491	0.0241797	1.07874
1450	0.002938	0.000456571	0.024184	1.07892
1451	0.00294287	0.000457328	0.024224	1.08071
1452	0.00294505	0.000457666	0.024242	1.08151
1453	0.00292748	0.000454936	0.0240973	1.07506
1454	0.00293314	0.000455816	0.0241439	1.07714
1455	0.00294726	0.00045801	0.0242601	1.08232
1456	0.00291331	0.000452735	0.0239807	1.06986
1457	0.00294412	0.000457521	0.0242343	1.08117
1458	0.0029419	0.000457177	0.0242161	1.08036
1459	0.00292406	0.000454404	0.0240692	1.0738
1460	0.00294163	0.000457134	0.0242138	1.08025
1461	0.00293162	0.00045558	0.0241314	1.07658
1462	0.0029378	0.000456539	0.0241823	1.07885
1463	0.00294996	0.000458429	0.0242823	1.08331
1464	0.00293059	0.000455419	0.0241229	1.0762
1465	0.00292886	0.00045515	0.0241087	1.07557
1466	0.0029348	0.000456073	0.0241576	1.07775
1467	0.00294526	0.000457699	0.0242437	1.08159
1468	0.00294968	0.000458386	0.0242801	1.08321
1469	0.00294644	0.000457882	0.0242534	1.08202
1470	0.00294325	0.000457387	0.0242271	1.08085
1471	0.00292807	0.000455027	0.0241022	1.07528
1472	0.00292174	0.000454044	0.0240501	1.07295
1473	0.0029407	0.00045699	0.0242062	1.07992
1474	0.00292837	0.000455075	0.0241047	1.07539
1475	0.00293531	0.000456153	0.0241618	1.07794
1476	0.00293459	0.00045604	0.0241558	1.07767
1477	0.00292907	0.000455183	0.0241104	1.07564
1478	0.00294018	0.00045691	0.0242019	1.07972
1479	0.00295361	0.000458997	0.0243124	1.08466
1480	0.00293645	0.000456329	0.0241711	1.07835
1481	0.00291981	0.000453744	0.0240342	1.07224
1482	0.00294198	0.000457189	0.0242167	1.08038
1483	0.00292551	0.000454629	0.0240811	1.07434
1484	0.00294273	0.000457306	0.0242229	1.08066
1485	0.00292993	0.000455317	0.0241175	1.07596
1486	0.00295278	0.000458868	0.0243056	1.08435
1487	0.00293055	0.000455413	0.0241226	1.07619
1488	0.00293179	0.000455606	0.0241328	1.07664
1489	0.00294301	0.000457349	0.0242252	1.08076
1490	0.00293569	0.000456211	0.0241649	1.07807
1491	0.00292589	0.000454688	0.0240842	1.07447
1492	0.00291756	0.000453395	0.0240157	1.07142
1493	0.00293679	0.000456383	0.024174	1.07848
1494	0.00292589	0.000454688	0.0240842	1.07447
1495	0.00293945	0.000456797	0.0241959	1.07946
1496	0.00294091	0.000457022	0.0242078	1.07999
1497	0.00293856	0.000456658	0.0241885	1.07913
1498	0.00292472	0.000454507	0.0240746	1.07405
1499	0.00294642	0.00045788	0.0242533	1.08202
5000	0.00283461	0.000440504	0.0233329	1.04096
10000	0.00283002	0.00043979	0.0232951	1.03927
15000	0.00282892	0.000439619	0.023286	1.03887
20000	0.00281766	0.00043787	0.0231934	1.03473
25000	0.00281604	0.000437618	0.02318	1.03414
30000	0.00282056	0.000438321	0.0232172	1.0358
35000	0.00279926	0.000435011	0.0230419	1.02798
40000	0.00280468	0.000435853	0.0230865	1.02996
45000	0.00280627	0.0004361	0.0230996	1.03055
50000	0.00280254	0.00043552	0.0230689	1.02918
55000	0.0027936	0.000434131	0.0229953	1.0259
60000	0.0027974	0.000434722	0.0230266	1.02729
65000	0.00280158	0.000435371	0.023061	1.02883
70000	0.0027749	0.000431224	0.0228414	1.01903
75000	0.0028061	0.000436073	0.0230982	1.03048
80000	0.00278901	0.000433418	0.0229576	1.02421
85000	0.00279401	0.000434195	0.0229987	1.02605
90000	0.00279091	0.000433713	0.0229732	1.02491
95000	0.00279436	0.000434249	0.0230016	1.02618
100000	0.00278563	0.000432892	0.0229297	1.02297
105000	0.00278108	0.000432184	0.0228922	1.0213
110000	0.00278605	0.000432957	0.0229331	1.02312
115000	0.00280054	0.000435209	0.0230524	1.02844
120000	0.00277296	0.000430924	0.0228255	1.01832
125000	0.00277618	0.000431423	0.0228519	1.0195
130000	0.00278287	0.000432463	0.022907	1.02195
135000	0.00278539	0.000432854	0.0229277	1.02288
140000	0.00276292	0.000429364	0.0227428	1.01463
145000	0.00277124	0.000430656	0.0228112	1.01768
150000	0.00277186	0.000430752	0.0228163	1.01791
155000	0.00278356	0.00043257	0.0229127	1.02221
160000	0.00277389	0.000431069	0.0228331	1.01866
165000	0.00275864	0.000428698	0.0227075	1.01306
170000	0.00277679	0.000431519	0.022857	1.01972
175000	0.00278225	0.000432367	0.0229019	1.02173
180000	0.00276768	0.000430103	0.022782	1.01638
185000	0.00277317	0.000430956	0.0228271	1.01839
190000	0.00275791	0.000428585	0.0227016	1.01279
195000	0.00277931	0.000431911	0.0228777	1.02065
200000	0.00276727	0.000430038	0.0227785	1.01622
205000	0.00275122	0.000427545	0.0226465	1.01033
210000	0.00276278	0.000429341	0.0227416	1.01458
215000	0.00277048	0.000430537	0.022805	1.0174
220000	0.00275543	0.000428199	0.0226811	1.01188
225000	0.00275984	0.000428885	0.0227174	1.0135
230000	0.00275708	0.000428456	0.0226947	1.01249
235000	0.00276602	0.000429845	0.0227683	1.01577
240000	0.00277344	0.000430998	0.0228294	1.01849
245000	0.00277524	0.000431278	0.0228442	1.01915
250000	0.00274266	0.000426215	0.022576	1.00719
255000	0.00275795	0.00042859	0.0227018	1.0128
260000	0.00276009	0.000428923	0.0227194	1.01359
265000	0.00275205	0.000427674	0.0226533	1.01064
270000	0.00276319	0.000429405	0.022745	1.01473
275000	0.00276651	0.00042992	0.0227723	1.01595
280000	0.00276261	0.000429315	0.0227402	1.01451
285000	0.0027535	0.000427899	0.0226652	1.01117
290000	0.00275484	0.000428108	0.0226763	1.01166
295000	0.0027381	0.000425507	0.0225385	1.00552
300000	0.00276019	0.000428939	0.0227203	1.01363
305000	0.00275274	0.00042778	0.0226589	1.01089
310000	0.00277531	0.000431288	0.0228447	1.01918
315000	0.00275622	0.000428322	0.0226876	1.01217
320000	0.00276047	0.000428982	0.0227226	1.01373
325000	0.00274856	0.000427132	0.0226246	1.00936
330000	0.00273576	0.000425142	0.0225192	1.00465
335000	0.00276727	0.000430039	0.0227786	1.01623
340000	0.00276067	0.000429014	0.0227243	1.0138
345000	0.00274877	0.000427165	0.0226263	1.00943
350000	0.00274642	0.000426799	0.022607	1.00857
355000	0.00275201	0.000427668	0.022653	1.01062
360000	0.002742	0.000426113	0.0225706	1.00695
365000	0.00273686	0.000425314	0.0225283	1.00506
370000	0.00272772	0.000423893	0.022453	1.0017
375000	0.00273545	0.000425094	0.0225166	1.00454
380000	0.00274169	0.000426064	0.022568	1.00683
385000	0.00271685	0.000422203	0.0223635	0.997709
390000	0.00274666	0.000426837	0.0226089	1.00866
395000	0.00273776	0.000425453	0.0225357	1.00539
400000	0.00274149	0.000426032	0.0225663	1.00676
405000	0.00272944	0.000424161	0.0224672	1.00233
410000	0.00275219	0.000427695	0.0226544	1.01069
415000	0.00275788	0.00042858	0.0227013	1.01278
420000	0.00273648	0.000425254	0.0225251	1.00492
425000	0.00272968	0.000424198	0.0224692	1.00242
430000	0.00275467	0.000428081	0.0226749	1.0116
435000	0.00274607	0.000426745	0.0226041	1.00844
440000	0.00273489	0.000425008	0.0225121	1.00434
445000	0.00273497	0.000425019	0.0225127	1.00436
450000	0.00272958	0.000424182	0.0224683	1.00239
455000	0.00272917	0.000424118	0.0224649	1.00223
460000	0.00273324	0.000424751	0.0224985	1.00373
465000	0.00274211	0.000426129	0.0225714	1.00699
470000	0.00274204	0.000426118	0.0225709	1.00696
475000	0.00274773	0.000427003	0.0226178	1.00905
480000	0.00275736	0.000428499	0.022697	1.01259
485000	0.00275005	0.000427363	0.0226368	1.0099
490000	0.00274684	0.000426864	0.0226104	1.00872
495000	0.00273148	0.000424478	0.022484	1.00308
500000	0.00274142	0.000426022	0.0225658	1.00673
505000	0.00273469	0.000424976	0.0225104	1.00426
510000	0.00273538	0.000425083	0.0225161	1.00452
515000	0.00272144	0.000422917	0.0224013	0.999395
520000	0.00273417	0.000424895	0.0225061	1.00407
525000	0.00274363	0.000426365	0.022584	1.00754
530000	0.00273528	0.000425067	0.0225152	1.00448
535000	0.00273348	0.000424788	0.0225005	1.00382
540000	0.00273572	0.000425137	0.0225189	1.00464
545000	0.00272937	0.00042415	0.0224666	1.00231
550000	0.00274552	0.00042666	0.0225996	1.00824
555000	0.002729	0.000424091	0.0224635	1.00217
560000	0.00273103	0.000424407	0.0224803	1.00292
565000	0.00274073	0.000425914	0.0225601	1.00648
570000	0.00273141	0.000424466	0.0224834	1.00306
575000	0.00273828	0.000425534	0.0225399	1.00558
580000	0.0027272	0.000423812	0.0224488	1.00151
585000	0.00272399	0.000423314	0.0224223	1.00033
590000	0.00274604	0.00042674	0.0226038	1.00843
595000	0.00275325	0.000427861	0.0226632	1.01108
600000	0.00272679	0.000423748	0.0224454	1.00136
605000	0.00274355	0.000426354	0.0225834	1.00752
610000	0.00273793	0.00042548	0.0225371	1.00545
615000	0.0027116	0.000421388	0.0223204	0.995784
620000	0.00272154	0.000422933	0.0224022	0.999433
625000	0.00273358	0.000424804	0.0225013	1.00386
630000	0.00273458	0.00042496	0.0225095	1.00422
635000	0.00273707	0.000425346	0.02253	1.00514
640000	0.00273769	0.000425442	0.0225351	1.00536
645000	0.00273848	0.000425566	0.0225416	1.00565
650000	0.0027339	0.000424853	0.0225039	1.00397
655000	0.00272641	0.000423689	0.0224422	1.00122
660000	0.00272962	0.000424188	0.0224686	1.0024
665000	0.00271729	0.000422272	0.0223672	0.997873
670000	0.00273469	0.000424975	0.0225104	1.00426
675000	0.0027244	0.000423377	0.0224257	1.00048
680000	0.00272585	0.000423603	0.0224377	1.00102
685000	0.00272437	0.000423373	0.0224255	1.00047
690000	0.00272468	0.000423421	0.022428	1.00059
695000	0.00273134	0.000424455	0.0224828	1.00303
700000	0.00273462	0.000424965	0.0225098	1.00424
705000	0.00271426	0.000421801	0.0223422	0.996758
710000	0.00271523	0.000421951	0.0223502	0.997114
715000	0.00271609	0.000422085	0.0223573	0.99743
720000	0.00272409	0.000423329	0.0224232	1.00037
725000	0.00273006	0.000424257	0.0224723	1.00256
730000	0.00270791	0.000420814	0.0222899	0.994426
735000	0.00271336	0.000421661	0.0223348	0.996429
740000	0.0027321	0.000424573	0.0224891	1.00331
745000	0.00270573	0.000420476	0.0222721	0.993629
750000	0.00272955	0.000424177	0.0224681	1.00237
755000	0.00271895	0.00042253	0.0223808	0.998482
760000	0.0027251	0.000423485	0.0224314	1.00074
765000	0.00272506	0.000423479	0.0224311	1.00073
770000	0.00273269	0.000424665	0.0224939	1.00353
775000	0.00272475	0.000423431	0.0224286	1.00061
780000	0.0027164	0.000422133	0.0223598	0.997544
785000	0.0027076	0.000420766	0.0222874	0.994313
790000	0.00271464	0.00042186	0.0223453	0.996898
795000	0.0027193	0.000422584	0.0223837	0.998609
800000	0.00272899	0.000424091	0.0224635	1.00217
805000	0.00273634	0.000425233	0.022524	1.00487
810000	0.00272075	0.000422809	0.0223956	0.999141
815000	0.00271274	0.000421565	0.0223297	0.996201
820000	0.00270456	0.000420294	0.0222624	0.993198
825000	0.00271647	0.000422144	0.0223604	0.99757
830000	0.00270377	0.00042017	0.0222559	0.992906
835000	0.00271547	0.000421989	0.0223522	0.997203
840000	0.0027155	0.000421994	0.0223524	0.997215
845000	0.0027039	0.000420192	0.022257	0.992957
850000	0.00273048	0.000424321	0.0224757	1.00272
855000	0.00270608	0.00042053	0.0222749	0.993755
860000	0.00271957	0.000422627	0.022386	0.99871
865000	0.00273017	0.000424273	0.0224732	1.0026
870000	0.00272299	0.000423158	0.0224141	0.999965
875000	0.00272395	0.000423307	0.022422	1.00032
880000	0.00270563	0.00042046	0.0222712	0.99359
885000	0.00273051	0.000424327	0.022476	1.00273
890000	0.00271108	0.000421308	0.0223161	0.995593
895000	0.00272071	0.000422804	0.0223954	0.99913
900000	0.00269366	0.000418599	0.0221726	0.989193
905000	0.00271388	0.000421742	0.0223391	0.996618
910000	0.00271723	0.000422262	0.0223666	0.997848
915000	0.00272506	0.00042348	0.0224311	1.00073
920000	0.00270108	0.000419752	0.0222337	0.991918
925000	0.00270356	0.000420139	0.0222542	0.992831
930000	0.0027125	0.000421528	0.0223277	0.996113
935000	0.00270843	0.000420895	0.0222942	0.994617
940000	0.00270491	0.000420348	0.0222652	0.993325
945000	0.00271253	0.000421533	0.022328	0.996125
950000	0.00272285	0.000423136	0.0224129	0.999913
955000	0.00270825	0.000420868	0.0222928	0.994554
960000	0.0027134	0.000421667	0.0223351	0.996442
965000	0.00271105	0.000421302	0.0223158	0.99558
970000	0.00271415	0.000421785	0.0223414	0.996721
975000	0.00270612	0.000420535	0.0222752	0.993768
980000	0.00272299	0.000423158	0.0224141	0.999964
985000	0.00272102	0.000422852	0.0223979	0.999243
990000	0.00271008	0.000421152	0.0223078	0.995225
995000	0.00271219	0.000421479	0.0223252	0.995999
